2022,2021,2020,2019,2018,2017,2016,2015,2014,2013,2012
Property ID,Property Id,Property Id,Property Id,Property Id,Property Id,Property Id,Property Id,Property Id,Property Id,Property Id
Property Name,Property Name,Property Name,Property Name,Property Name,Property Name,Property Name,Property Name,Property Name,Property Name,Property Name
Parent Property ID,Parent Property Id,Parent Property Id,Parent Property Id,Parent Property Id,Parent Property Id,Parent Property Id,Parent Property Id,Parent Property Id,Parent Property Id,Parent Property Id
Parent Property Name,Parent Property Name,Parent Property Name,Parent Property Name,Parent Property Name,Parent Property Name,Parent Property Name,Parent Property Name,Parent Property Name,Parent Property Name,Parent Property Name
Year Ending,Year Ending,Year Ending,Year Ending,Year Ending,Year Ending,Year Ending,Year Ending,Year Ending,Year Ending,Year Ending
"NYC Borough, Block and Lot (BBL)","NYC Borough, Block and Lot (BBL)","NYC Borough, Block and Lot (BBL)","NYC Borough, Block and Lot (BBL)","NYC Borough, Block and Lot (BBL)","NYC Borough, Block and Lot (BBL)","NYC Borough, Block and Lot (BBL)","NYC Borough, Block and Lot (BBL)","NYC Borough, Block and Lot (BBL)","NYC Borough, Block and Lot (BBL)",BBL
NYC Building Identification Number (BIN),NYC Building Identification Number (BIN),NYC Building Identification Number (BIN),NYC Building Identification Number (BIN),NYC Building Identification Number (BIN),NYC Building Identification Number (BIN),NYC Building Identification Number (BIN),NYC Building Identification Number (BIN),NYC Building Identification Number (BIN),NYC Building Identification Number (BIN),BIN
Address 1,Address 1,Address 1,Address 1,Address 1,Address 1,Address 1,Address 1,Address 1,Address 1,Address 1
City,City,City,City,City,City,City,City,City,City,City
Primary Property Type - Self Selected,Primary Property Type - Self Selected,Primary Property Type - Self Selected,Primary Property Type - Self Selected,Primary Property Type - Self Selected,Primary Property Type - Self Selected,Primary Property Type - Self Selected,Primary Property Type - Self Selected,Primary Property Type - Self Selected,Primary Property Type - Self Selected,Primary Property Type - Self Selected
Primary Property Type - Portfolio Manager-Calculated,Primary Property Type - Portfolio Manager-Calculated,Primary Property Type - Portfolio Manager-Calculated,Primary Property Type - Portfolio Manager-Calculated,Primary Property Type - Portfolio Manager-Calculated,Primary Property Type - Portfolio Manager-Calculated,Primary Property Type - Portfolio Manager-Calculated,Primary Property Type - EPA Calculated,Primary Property Type - EPA Calculated,Primary Property Type - EPA Calculated,Primary Property Type - EPA Calculated
National Median Reference Property Type,National Median Reference Property Type,National Median Reference Property Type,National Median Reference Property Type,National Median Reference Property Type,National Median Reference Property Type,National Median Reference Property Type,National Median Reference Property Type,National Median Reference Property Type,National Median Reference Property Type,National Median Reference Property Type
List of All Property Use Types (GFA) (ft²),List of All Property Use Types at Property,List of All Property Use Types at Property,List of All Property Use Types at Property,List of All Property Use Types at Property,List of All Property Use Types at Property,List of All Property Use Types at Property,List of All Property Use Types at Property,List of All Property Use Types at Property,List of All Property Use Types at Property,List of All Property Use Types at Property
Year Built,Year Built,Year Built,Year Built,Year Built,Year Built,Year Built,Year Built,Year Built,Year Built,Year Built
Number of Buildings,Number of Buildings,Number of Buildings,Number of Buildings,Number of Buildings,Number of Buildings,Number of Buildings,Number of Buildings,Number of Buildings,Number of Buildings,Number of Buildings
Occupancy,Occupancy,Occupancy,Occupancy,Occupancy,Occupancy,Occupancy,Occupancy,Occupancy,Occupancy,Occupancy
Metered Areas (Energy),Metered Areas (Energy),Metered Areas (Energy),Metered Areas (Energy),Metered Areas (Energy),Metered Areas (Energy),Metered Areas (Energy),Metered Areas (Energy),Metered Areas (Energy),Metered Areas (Energy),Metered Areas (Energy)
Metered Areas (Water),Metered Areas (Water),Metered Areas (Water),Metered Areas (Water),Metered Areas  (Water),Metered Areas  (Water),Metered Areas  (Water),Metered Areas  (Water),Metered Areas  (Water),Metered Areas  (Water),Metered Areas  (Water)
ENERGY STAR Score,ENERGY STAR Score,ENERGY STAR Score,ENERGY STAR Score,ENERGY STAR Score,ENERGY STAR Score,ENERGY STAR Score,ENERGY STAR Score,ENERGY STAR Score,ENERGY STAR Score,ENERGY STAR Score
National Median ENERGY STAR Score,National Median ENERGY STAR Score,National Median ENERGY STAR Score,National Median ENERGY STAR Score,National Median ENERGY STAR Score,National Median ENERGY STAR Score,National Median ENERGY STAR Score,National Median ENERGY STAR Score,National Median ENERGY STAR Score,National Median ENERGY STAR Score,National Median ENERGY STAR Score
Target ENERGY STAR Score,Target ENERGY STAR Score,Target ENERGY STAR Score,Target ENERGY STAR Score,Target ENERGY STAR Score,Target ENERGY STAR Score,Target ENERGY STAR Score,Target ENERGY STAR Score,Target ENERGY STAR Score,Target ENERGY STAR Score,Target ENERGY STAR Score
ENERGY STAR Certification - Year(s) Certified (Score),ENERGY STAR Certification - Year(s) Certified (Score),ENERGY STAR Certification - Year(s) Certified (Score),ENERGY STAR Certification - Year(s) Certified,ENERGY STAR Certification - Year(s) Certified,ENERGY STAR Certification - Year(s) Certified,ENERGY STAR Certification - Year(s) Certified,ENERGY STAR Certification - Year(s) Certified,ENERGY STAR Certification - Year(s) Certified,ENERGY STAR Certification - Year(s) Certified,ENERGY STAR Certification - Year(s) Certified
Eligible for Certification for Report PED (Y/N),ENERGY STAR Certification - Eligibility,ENERGY STAR Certification - Eligibility,ENERGY STAR Certification - Eligibility,ENERGY STAR Certification - Eligibility,ENERGY STAR Certification - Eligibility,ENERGY STAR Certification - Eligibility,ENERGY STAR Certification - Eligibility,ENERGY STAR Certification - Eligibility,ENERGY STAR Certification - Eligibility,ENERGY STAR Certification - Eligibility
ENERGY STAR Certification - Last Approval Date,ENERGY STAR Certification - Last Approval Date,ENERGY STAR Certification - Last Approval Date,ENERGY STAR Certification - Last Approval Date,ENERGY STAR Certification - Last Approval Date,ENERGY STAR Certification - Last Approval Date,ENERGY STAR Certification - Last Approval Date,ENERGY STAR Certification - Last Approval Date,ENERGY STAR Certification - Last Approval Date,ENERGY STAR Certification - Last Approval Date,ENERGY STAR Certification - Last Approval Date
Site EUI (kBtu/ft²),Site EUI (kBtu/ft²),Site EUI (kBtu/ft²),Site EUI (kBtu/ft²),Site EUI (kBtu/ft²),Site EUI (kBtu/ft²),Site EUI (kBtu/ft²),Site EUI (kBtu/ft²),Site EUI (kBtu/ft²),Site EUI (kBtu/ft²),Site EUI (kBtu/ft²)
Weather Normalized Site EUI (kBtu/ft²),Weather Normalized Site EUI (kBtu/ft²),Weather Normalized Site EUI (kBtu/ft²),Weather Normalized Site EUI (kBtu/ft²),Weather Normalized Site EUI (kBtu/ft²),Weather Normalized Site EUI (kBtu/ft²),Weather Normalized Site EUI (kBtu/ft²),Weather Normalized Site EUI (kBtu/ft²),Weather Normalized Site EUI (kBtu/ft²),Weather Normalized Site EUI (kBtu/ft²),Weather Normalized Site EUI (kBtu/ft²)
National Median Site EUI (kBtu/ft²),National Median Site EUI (kBtu/ft²),National Median Site EUI (kBtu/ft²),National Median Site EUI (kBtu/ft²),National Median Site EUI (kBtu/ft²),National Median Site EUI (kBtu/ft²),National Median Site EUI (kBtu/ft²),National Median Site EUI (kBtu/ft²),National Median Site EUI (kBtu/ft²),National Median Site EUI (kBtu/ft²),National Median Site EUI (kBtu/ft²)
Site Energy Use (kBtu),Site Energy Use (kBtu),Site Energy Use (kBtu),Site Energy Use (kBtu),Site Energy Use (kBtu),Site Energy Use (kBtu),Site Energy Use (kBtu),Site Energy Use (kBtu),Site Energy Use (kBtu),Site Energy Use (kBtu),Site Energy Use (kBtu)
Weather Normalized Site Energy Use (kBtu),Weather Normalized Site Energy Use (kBtu),Weather Normalized Site Energy Use (kBtu),Weather Normalized Site Energy Use (kBtu),Weather Normalized Site Energy Use (kBtu),Weather Normalized Site Energy Use (kBtu),Weather Normalized Site Energy Use (kBtu),Weather Normalized Site Energy Use (kBtu),Weather Normalized Site Energy Use (kBtu),Weather Normalized Site Energy Use (kBtu),Weather Normalized Site Energy Use (kBtu)
Electricity - Weather Normalized Site Electricity Use (Grid and Onsite Renewables) (kWh),Weather Normalized Site Electricity (kWh),Weather Normalized Site Electricity (kWh),Weather Normalized Site Electricity (kWh),Weather Normalized Site Electricity (kWh),Weather Normalized Site Electricity (kWh),Weather Normalized Site Electricity (kWh),Weather Normalized Site Electricity (kWh),Weather Normalized Site Electricity (kWh),Weather Normalized Site Electricity (kWh),Weather Normalized Site Electricity (kWh)
Electricity - Weather Normalized Site Electricity Intensity (Grid and Onsite Renewables) (kWh/ft²),Weather Normalized Site Electricity Intensity (kWh/ft²),Weather Normalized Site Electricity Intensity (kWh/ft²),Weather Normalized Site Electricity Intensity (kWh/ft²),Weather Normalized Site Electricity Intensity (kWh/ft²),Weather Normalized Site Electricity Intensity (kWh/ft²),Weather Normalized Site Electricity Intensity (kWh/ft²),Weather Normalized Site Electricity Intensity (kWh/ft²),Weather Normalized Site Electricity Intensity (kWh/ft²),Weather Normalized Site Electricity Intensity (kWh/ft²),Weather Normalized Site Electricity Intensity (kWh/ft²)
Natural Gas - Weather Normalized Site Natural Gas Use (therms),Weather Normalized Site Natural Gas Use (therms),Weather Normalized Site Natural Gas Use (therms),Weather Normalized Site Natural Gas Use (therms),Weather Normalized Site Natural Gas Use (therms),Weather Normalized Site Natural Gas Use (therms),Weather Normalized Site Natural Gas Use (therms),Weather Normalized Site Natural Gas Use (therms),Weather Normalized Site Natural Gas Use (therms),Weather Normalized Site Natural Gas Use (therms),Weather Normalized Site Natural Gas Use (therms)
Natural Gas - Weather Normalized Site Natural Gas Intensity (therms/ft²),Weather Normalized Site Natural Gas Intensity (therms/ft²),Weather Normalized Site Natural Gas Intensity (therms/ft²),Weather Normalized Site Natural Gas Intensity (therms/ft²),Weather Normalized Site Natural Gas Intensity (therms/ft²),Weather Normalized Site Natural Gas Intensity (therms/ft²),Weather Normalized Site Natural Gas Intensity (therms/ft²),Weather Normalized Site Natural Gas Intensity (therms/ft²),Weather Normalized Site Natural Gas Intensity (therms/ft²),Weather Normalized Site Natural Gas Intensity (therms/ft²),Weather Normalized Site Natural Gas Intensity (therms/ft²)
Source EUI (kBtu/ft²),Source EUI (kBtu/ft²),Source EUI (kBtu/ft²),Source EUI (kBtu/ft²),Source EUI (kBtu/ft²),Source EUI (kBtu/ft²),Source EUI (kBtu/ft²),Source EUI (kBtu/ft²),Source EUI (kBtu/ft²),Source EUI (kBtu/ft²),Source EUI (kBtu/ft²)
Weather Normalized Source EUI (kBtu/ft²),Weather Normalized Source EUI (kBtu/ft²),Weather Normalized Source EUI (kBtu/ft²),Weather Normalized Source EUI (kBtu/ft²),Weather Normalized Source EUI (kBtu/ft²),Weather Normalized Source EUI (kBtu/ft²),Weather Normalized Source EUI (kBtu/ft²),Weather Normalized Source EUI (kBtu/ft²),Weather Normalized Source EUI (kBtu/ft²),Weather Normalized Source EUI (kBtu/ft²),Weather Normalized Source EUI (kBtu/ft²)
National Median Source EUI (kBtu/ft²),National Median Source EUI (kBtu/ft²),National Median Source EUI (kBtu/ft²),National Median Source EUI (kBtu/ft²),National Median Source EUI (kBtu/ft²),National Median Source EUI (kBtu/ft²),National Median Source EUI (kBtu/ft²),National Median Source EUI (kBtu/ft²),National Median Source EUI (kBtu/ft²),National Median Source EUI (kBtu/ft²),National Median Source EUI (kBtu/ft²)
Source Energy Use (kBtu),Source Energy Use (kBtu),Source Energy Use (kBtu),Source Energy Use (kBtu),Source Energy Use (kBtu),Source Energy Use (kBtu),Source Energy Use (kBtu),Source Energy Use (kBtu),Source Energy Use (kBtu),Source Energy Use (kBtu),Source Energy Use (kBtu)
Weather Normalized Source Energy Use (kBtu),Weather Normalized Source Energy Use (kBtu),Weather Normalized Source Energy Use (kBtu),Weather Normalized Source Energy Use (kBtu),Weather Normalized Source Energy Use (kBtu),Weather Normalized Source Energy Use (kBtu),Weather Normalized Source Energy Use (kBtu),Weather Normalized Source Energy Use (kBtu),Weather Normalized Source Energy Use (kBtu),Weather Normalized Source Energy Use (kBtu),Weather Normalized Source Energy Use (kBtu)
Fuel Oil #1 Use (kBtu),Fuel Oil #1 Use (kBtu),Fuel Oil #1 Use (kBtu),Fuel Oil #1 Use (kBtu),Fuel Oil #1 Use (kBtu),Fuel Oil #1 Use (kBtu),Fuel Oil #1 Use (kBtu),Fuel Oil #1 Use (kBtu),Fuel Oil #1 Use (kBtu),Fuel Oil #1 Use (kBtu),Fuel Oil #1 Use (kBtu)
Fuel Oil #2 Use (kBtu),Fuel Oil #2 Use (kBtu),Fuel Oil #2 Use (kBtu),Fuel Oil #2 Use (kBtu),Fuel Oil #2 Use (kBtu),Fuel Oil #2 Use (kBtu),Fuel Oil #2 Use (kBtu),Fuel Oil #2 Use (kBtu),Fuel Oil #2 Use (kBtu),Fuel Oil #2 Use (kBtu),Fuel Oil #2 Use (kBtu)
Fuel Oil #4 Use (kBtu),Fuel Oil #4 Use (kBtu),Fuel Oil #4 Use (kBtu),Fuel Oil #4 Use (kBtu),Fuel Oil #4 Use (kBtu),Fuel Oil #4 Use (kBtu),Fuel Oil #4 Use (kBtu),Fuel Oil #4 Use (kBtu),Fuel Oil #4 Use (kBtu),Fuel Oil #4 Use (kBtu),Fuel Oil #4 Use (kBtu)
Fuel Oil #5 & 6 Use (kBtu),Fuel Oil #5 & 6 Use (kBtu),Fuel Oil #5 & 6 Use (kBtu),Fuel Oil #5 & 6 Use (kBtu),Fuel Oil #5 & 6 Use (kBtu),Fuel Oil #5 & 6 Use (kBtu),Fuel Oil #5 & 6 Use (kBtu),Fuel Oil #5 & 6 Use (kBtu),Fuel Oil #5 & 6 Use (kBtu),Fuel Oil #5 & 6 Use (kBtu),Fuel Oil #5 & 6 Use (kBtu)
Diesel #2 Use (kBtu),Diesel #2 Use (kBtu),Diesel #2 Use (kBtu),Diesel #2 Use (kBtu),Diesel #2 Use (kBtu),Diesel #2 Use (kBtu),Diesel #2 Use (kBtu),Diesel #2 Use (kBtu),Diesel #2 Use (kBtu),Diesel #2 Use (kBtu),Diesel #2 Use (kBtu)
Propane Use (kBtu),Propane Use (kBtu),Propane Use (kBtu),Propane Use (kBtu),Propane Use (kBtu),Propane Use (kBtu),Propane Use (kBtu),Propane Use (kBtu),Propane Use (kBtu),Propane Use (kBtu),Propane Use (kBtu)
Kerosene Use (kBtu),Kerosene Use (kBtu),Kerosene Use (kBtu),Kerosene Use (kBtu),Kerosene Use (kBtu),Kerosene Use (kBtu),Kerosene Use (kBtu),Kerosene Use (kBtu),Kerosene Use (kBtu),Kerosene Use (kBtu),Kerosene Use (kBtu)
District Steam Use (kBtu),District Steam Use (kBtu),District Steam Use (kBtu),District Steam Use (kBtu),District Steam Use (kBtu),District Steam Use (kBtu),District Steam Use (kBtu),District Steam Use (kBtu),District Steam Use (kBtu),District Steam Use (kBtu),District Steam Use (kBtu)
District Hot Water Use (kBtu),District Hot Water Use (kBtu),District Hot Water Use (kBtu),District Hot Water Use (kBtu),District Hot Water Use (kBtu),District Hot Water Use (kBtu),District Hot Water Use (kBtu),District Hot Water Use (kBtu),District Hot Water Use (kBtu),District Hot Water Use (kBtu),District Hot Water Use (kBtu)
District Chilled Water Use (kBtu),District Chilled Water Use (kBtu),District Chilled Water Use (kBtu),District Chilled Water Use (kBtu),District Chilled Water Use (kBtu),District Chilled Water Use (kBtu),District Chilled Water Use (kBtu),District Chilled Water Use (kBtu),District Chilled Water Use (kBtu),District Chilled Water Use (kBtu),District Chilled Water Use (kBtu)
Natural Gas Use (kBtu),Natural Gas Use (kBtu),Natural Gas Use (kBtu),Natural Gas Use (kBtu),Natural Gas Use (kBtu),Natural Gas Use (kBtu),Natural Gas Use (kBtu),Natural Gas Use (kBtu),Natural Gas Use (kBtu),Natural Gas Use (kBtu),Natural Gas Use (kBtu)
Electricity Use - Grid Purchase (kBtu),Electricity Use - Grid Purchase (kBtu),Electricity Use - Grid Purchase (kBtu),Electricity Use - Grid Purchase (kBtu),Electricity Use - Grid Purchase (kBtu),Electricity Use - Grid Purchase (kBtu),Electricity Use - Grid Purchase (kBtu),Electricity Use - Grid Purchase (kBtu),Electricity Use - Grid Purchase (kBtu),Electricity Use - Grid Purchase (kBtu),Electricity Use - Grid Purchase (kBtu)
Electricity Use - Grid Purchase and Generated from Onsite Renewable Systems (kBtu),Electricity Use - Grid Purchase and Generated from Onsite Renewable Systems (kBtu),Electricity Use - Grid Purchase and Generated from Onsite Renewable Systems (kBtu),Electricity Use - Grid Purchase and Generated from Onsite Renewable Systems (kBtu),Electricity Use - Grid Purchase and Generated from Onsite Renewable Systems (kBtu),Electricity Use - Grid Purchase and Generated from Onsite Renewable Systems (kBtu),Electricity Use - Grid Purchase and Generated from Onsite Renewable Systems (kBtu),Electricity Use - Grid Purchase and Generated from Onsite Renewable Systems (kBtu),Electricity Use - Grid Purchase and Generated from Onsite Renewable Systems (kBtu),Electricity Use - Grid Purchase and Generated from Onsite Renewable Systems (kBtu),Onsite Renewable System Generation (kWh)
Electricity Use – Generated from Onsite Renewable Systems and Used Onsite (kWh),Electricity Use – Generated from Onsite Renewable Systems and Used Onsite (kWh),Electricity Use – Generated from Onsite Renewable Systems and Used Onsite (kWh),Electricity Use – Generated from Onsite Renewable Systems and Used Onsite (kWh),Electricity Use – Generated from Onsite Renewable Systems and Used Onsite (kBtu),Electricity Use – Generated from Onsite Renewable Systems and Used Onsite (kBtu),Electricity Use – Generated from Onsite Renewable Systems and Used Onsite (kBtu),Electricity Use – Generated from Onsite Renewable Systems and Used Onsite (kBtu),Electricity Use – Generated from Onsite Renewable Systems and Used Onsite (kBtu),Electricity Use – Generated from Onsite Renewable Systems and Used Onsite (kBtu),Electricity - Onsite Renewable System Electricity Used Onsite/Coincident (kWh)
Electricity Use – Generated from Onsite Renewable Systems (kWh),Electricity Use – Generated from Onsite Renewable Systems (kWh),Electricity Use – Generated from Onsite Renewable Systems (kWh),Electricity Use – Generated from Onsite Renewable Systems (kWh),Electricity Use – Generated from Onsite Renewable Systems (kWh),Electricity Use – Generated from Onsite Renewable Systems (kWh),Electricity Use – Generated from Onsite Renewable Systems (kWh),Electricity Use – Generated from Onsite Renewable Systems (kWh),Electricity Use – Generated from Onsite Renewable Systems (kWh),Electricity Use – Generated from Onsite Renewable Systems and Exported (kWh),Onsite Renewable System Electricity Exported (kWh)
Green Power - Onsite (kWh),Green Power - Onsite (kWh),Green Power - Onsite (kWh),Green Power - Onsite (kWh),Green Power - Onsite (kWh),Green Power - Onsite (kWh),Green Power - Onsite (kWh),Green Power - Onsite (kWh),Green Power - Onsite (kWh),Green Power - Onsite (kWh),Green Power - Onsite (kWh)
Green Power - Offsite (kWh),Green Power - Offsite (kWh),Green Power - Offsite (kWh),Green Power - Offsite (kWh),Green Power - Offsite (kWh),Green Power - Offsite (kWh),Green Power - Offsite (kWh),Green Power - Offsite (kWh),Green Power - Offsite (kWh),Green Power - Offsite (kWh),Green Power - Offsite (kWh)
Total (Location-Based) GHG Emissions (Metric Tons CO2e),Total GHG Emissions (Metric Tons CO2e),Total GHG Emissions (Metric Tons CO2e),Total GHG Emissions (Metric Tons CO2e),Total GHG Emissions (Metric Tons CO2e),Total GHG Emissions (Metric Tons CO2e),Total GHG Emissions (Metric Tons CO2e),Total GHG Emissions (Metric Tons CO2e),Total GHG Emissions (Metric Tons CO2e),Total GHG Emissions (Metric Tons CO2e),Total GHG Emissions (MtCO2e)
Direct GHG Emissions (Metric Tons CO2e),Direct GHG Emissions (Metric Tons CO2e),Direct GHG Emissions (Metric Tons CO2e),Direct GHG Emissions (Metric Tons CO2e),Direct GHG Emissions (Metric Tons CO2e),Direct GHG Emissions (Metric Tons CO2e),Direct GHG Emissions (Metric Tons CO2e),Direct GHG Emissions (Metric Tons CO2e),Direct GHG Emissions (Metric Tons CO2e),Direct GHG Emissions (Metric Tons CO2e),Direct GHG Emissions (MtCO2e)
eGRID Output Emissions Rate (kgCO2e/MBtu),eGRID Output Emissions Rate (kgCO2e/MBtu),eGRID Output Emissions Rate (kgCO2e/MBtu),eGRID Output Emissions Rate (kgCO2e/MBtu),eGRID Output Emissions Rate (kgCO2e/MBtu),eGRID Output Emissions Rate (kgCO2e/MBtu),eGRID Output Emissions Rate (kgCO2e/MBtu),eGRID Output Emissions Rate (kgCO2e/MBtu),eGRID Output Emissions Rate (kgCO2e/MBtu),eGRID Output Emissions Rate (kgCO2e/MBtu),eGRID Output Emissions Rate (kgCO2e/MBtu)
Indirect (Location-Based) GHG Emissions (Metric Tons CO2e),Indirect GHG Emissions (Metric Tons CO2e),Indirect GHG Emissions (Metric Tons CO2e),Indirect GHG Emissions (Metric Tons CO2e),Indirect GHG Emissions (Metric Tons CO2e),Indirect GHG Emissions (Metric Tons CO2e),Indirect GHG Emissions (Metric Tons CO2e),Indirect GHG Emissions (Metric Tons CO2e),Indirect GHG Emissions (Metric Tons CO2e),Indirect GHG Emissions (Metric Tons CO2e),Indirect GHG Emissions (MtCO2e)
Net Emissions (Metric Tons CO2e),Net Emissions (Metric Tons CO2e),Net Emissions (Metric Tons CO2e),Net Emissions (Metric Tons CO2e),Net Emissions (Metric Tons CO2e),Net Emissions (Metric Tons CO2e),Net Emissions (Metric Tons CO2e),Net Emissions (Metric Tons CO2e),Net Emissions (Metric Tons CO2e),Net Emissions (Metric Tons CO2e),Net Emissions (Metric Tons CO2e)
National Median Total (Location-Based) GHG Emissions (Metric Tons CO2e),National Median Total GHG Emissions (Metric Tons CO2e),National Median Total GHG Emissions (Metric Tons CO2e),National Median Total GHG Emissions (Metric Tons CO2e),National Median Total GHG Emissions (Metric Tons CO2e),National Median Total GHG Emissions (Metric Tons CO2e),National Median Total GHG Emissions (Metric Tons CO2e),National Median Total GHG Emissions (Metric Tons CO2e),National Median Total GHG Emissions (Metric Tons CO2e),National Median Total GHG Emissions (Metric Tons CO2e),National Median Total GHG Emissions (Metric Tons CO2e)
Avoided Emissions - Onsite Green Power (Metric Tons CO2e),Avoided Emissions - Onsite Green Power (Metric Tons CO2e),Avoided Emissions - Onsite Green Power (Metric Tons CO2e),Avoided Emissions - Onsite Green Power (Metric Tons CO2e),Avoided Emissions - Onsite Green Power (Metric Tons CO2e),Avoided Emissions - Onsite Green Power (Metric Tons CO2e),Avoided Emissions - Onsite Green Power (Metric Tons CO2e),Avoided Emissions - Onsite Green Power (Metric Tons CO2e),Avoided Emissions - Onsite Green Power (Metric Tons CO2e),Avoided Emissions - Onsite Green Power (Metric Tons CO2e),Avoided Emissions - Onsite Green Power (Metric Tons CO2e)
Avoided Emissions - Offsite Green Power (Metric Tons CO2e),Avoided Emissions - Offsite Green Power (Metric Tons CO2e),Avoided Emissions - Offsite Green Power (Metric Tons CO2e),Avoided Emissions - Offsite Green Power (Metric Tons CO2e),Avoided Emissions - Offsite Green Power (Metric Tons CO2e),Avoided Emissions - Offsite Green Power (Metric Tons CO2e),Avoided Emissions - Offsite Green Power (Metric Tons CO2e),Avoided Emissions - Offsite Green Power (Metric Tons CO2e),Avoided Emissions - Offsite Green Power (Metric Tons CO2e),,Avoided Emissions - Offsite Green Power (MtCO2e)
Percent of Electricity that is Green Power,Percent of Electricity that is Green Power,Percent of Electricity that is Green Power,Percent of Electricity that is Green Power,Percent of Electricity that is Green Power,Percent of Electricity that is Green Power,Percent of Electricity that is Green Power,Percent of Electricity that is Green Power,Percent of Electricity that is Green Power,Percent of Electricity that is Green Power,Percent of Electricity that is Green Power
Percent of RECs Retained,Percent of RECs Retained,Percent of RECs Retained,Percent of RECs Retained,Percent of RECs Retained,Percent of RECs Retained,Percent of RECs Retained,Percent of RECs Retained,Percent of RECs Retained,Percent of RECs Retained,Percent of RECs Retained
Percent of Total Electricity Generated from Onsite Renewable Systems,Percent of Total Electricity Generated from Onsite Renewable Systems,Percent of Total Electricity Generated from Onsite Renewable Systems,Percent of Total Electricity Generated from Onsite Renewable Systems,Percent of Total Electricity Generated from Onsite Renewable Systems,Percent of Total Electricity Generated from Onsite Renewable Systems,Percent of Total Electricity Generated from Onsite Renewable Systems,Percent of Total Electricity Generated from Onsite Renewable Systems,Percent of Total Electricity Generated from Onsite Renewable Systems,Percent of Total Electricity Generated from Onsite Renewable Systems,Percent of Total Electricity Generated from Onsite Renewable Systems
LEED US Project ID,LEED US Project ID,LEED US Project ID,LEED US Project ID,LEED US Project ID,LEED US Project ID,LEED US Project ID,LEED US Project ID,LEED US Project ID,LEED US Project ID,LEED US Project ID
Default Values,Default Values,Default Values,Default Values,Default Values,Default Values,Default Values,Default Values,Default Values,Default Values,Default Values
Temporary Values,Temporary Values,Temporary Values,Temporary Values,Temporary Values,Temporary Values,Temporary Values,Temporary Values,Temporary Values,Temporary Values,Temporary Values
Estimated Values - Energy,Estimated Values - Energy,Estimated Values - Energy,Estimated Values - Energy,Estimated Values - Energy,Estimated Values - Energy,Estimated Values - Energy,Estimated Values - Energy,Estimated Values,Estimated Values,Estimated Values
Estimated Values - Water,Estimated Values - Water,Estimated Values - Water,Estimated Values - Water,Estimated Values - Water,Estimated Values - Water,Estimated Values - Water,Estimated Values - Water,Estimated Values - Water,Estimated Values - Water,Estimated Values - Water
Alert - Energy Meter has less than 12 full calendar months of data,Alert - Energy Meter has less than 12 full calendar months of data,Alert - Energy Meter has less than 12 full calendar months of data,Alert - Energy Meter has less than 12 full calendar months of data,Alert - Energy Meter has less than 12 full calendar months of data,Alert - Energy Meter has less than 12 full calendar months of data,Alert - Meter has less than 12 full calendar months of data,Alert - Meter has less than 12 full calendar months of data,Alert - Meter has less than 12 full calendar months of data,Alert - Meter has less than 12 full calendar months of data,Alert - Meter has less than 12 full calendar months of data
Alert - Energy Meter has gaps,Alert - Energy Meter has gaps,Alert - Energy Meter has gaps,Alert - Energy Meter has gaps,Alert - Energy Meter has gaps,Alert - Energy Meter has gaps,Alert - Meter has gaps,Alert - Meter has gaps,Alert - Meter has gaps,Alert - Meter has gaps,Alert - Meter has gaps
Alert - Energy Meter has overlaps,Alert - Energy Meter has overlaps,Alert - Energy Meter has overlaps,Alert - Energy Meter has overlaps,Alert - Energy Meter has overlaps,Alert - Energy Meter has overlaps,Alert - Meter has overlaps,Alert - Meter has overlaps,Alert - Meter has overlaps,Alert - Meter has overlaps,Alert - Meter has overlaps
Alert - Energy - No meters selected for metrics,Alert - Energy - No meters selected for metrics,Alert - Energy - No meters selected for metrics,Alert - Energy - No meters selected for metrics,Alert - Energy - No meters selected for metrics,Alert - Energy - No meters selected for metrics,Alert - Energy - No meters selected for metrics,Alert - Energy - No meters selected for metrics,Alert - Energy - No meters selected for metrics,Alert - Energy - No meters selected for metrics,Alert - Energy - No meters selected for metrics
Alert - Energy Meter has single entry more than 65 days,Alert - Energy Meter has single entry more than 65 days,Alert - Energy Meter has single entry more than 65 days,Alert - Energy Meter has single entry more than 65 days,Alert - Energy Meter has single entry more than 65 days,Alert - Energy Meter has single entry more than 65 days,Alert - Individual monthly meter entry is more than 65 days long,Alert - Individual monthly meter entry is more than 65 days long,Alert - Individual monthly meter entry is more than 65 days long,Alert - Individual monthly meter entry is more than 65 days long,Alert - Individual monthly meter entry is more than 65 days long
Alert - Property has no uses,Alert - Property has no uses,Alert - Property has no uses,Alert - Property has no uses,Alert - Property has no uses,Alert - Property has no uses,Alert - Property has no uses,Alert - Property has no uses,Alert - Property has no uses,Alert - Property has no uses,Alert - Property has no uses
Alert - Water Meter has less than 12 full calendar months of data,Alert - Water Meter has less than 12 full calendar months of data,Alert - Water Meter has less than 12 full calendar months of data,Alert - Water Meter has less than 12 full calendar months of data,Alert - Water Meter has less than 12 full calendar months of data,Alert - Water Meter has less than 12 full calendar months of data,Alert - Water Meter has less than 12 full calendar months of data,Alert - Water Meter has less than 12 full calendar months of data,Alert - Water Meter has less than 12 full calendar months of data,Alert - Water Meter has less than 12 full calendar months of data,Alert - Water Meter has less than 12 full calendar months of data
"Alert - Data Center Issue (with Estimates, IT Configuration, or IT Meter)","Alert - Data Center Issue (with Estimates, IT Configuration, or IT Meter)","Alert - Data Center Issue (with Estimates, IT Configuration, or IT Meter)","Alert - Data Center Issue (with Estimates, IT Configuration, or IT Meter)","Alert - Data Center Issue (with Estimates, IT Configuration, or IT Meter)","Alert - Data Center Issue (with Estimates, IT Configuration, or IT Meter)","Alert - Data Center Issue (with Estimates, IT Configuration, or IT Meter)","Alert - Data Center Issue (with Estimates, IT Configuration, or IT Meter)","Alert - Data Center Issue (with Estimates, IT Configuration, or IT Meter)","Alert - Data Center Issue (with Estimates, IT Configuration, or IT Meter)","Alert - Data Center Issue (with Estimates, IT Configuration, or IT Meter)"
Estimated Data Flag - Electricity (Grid Purchase),Estimated Data Flag - Electricity (Grid Purchase),Estimated Data Flag - Electricity (Grid Purchase),Estimated Data Flag - Electricity (Grid Purchase),Estimated Data Flag - Electricity (Grid Purchase),Estimated Data Flag - Electricity (Grid Purchase),Estimated Data Flag - Electricity (Grid Purchase),Estimated Data Flag - Electricity (Grid Purchase),Estimated Data Flag - Electricity (Grid Purchase),Estimated Data Flag - Electricity (Grid Purchase),Estimated Data Flag - Electricity (Grid Purchase)
Estimated Data Flag - Natural Gas,Estimated Data Flag - Natural Gas,Estimated Data Flag - Natural Gas,Estimated Data Flag - Natural Gas,Estimated Data Flag - Natural Gas,Estimated Data Flag - Natural Gas,Estimated Data Flag - Natural Gas,Estimated Data Flag - Natural Gas,Estimated Data Flag - Natural Gas,Estimated Data Flag - Natural Gas,Estimated Data Flag - Natural Gas
Estimated Data Flag - District Steam,Estimated Data Flag - District Steam,Estimated Data Flag - District Steam,Estimated Data Flag - District Steam,Estimated Data Flag - District Steam,Estimated Data Flag - District Steam,Estimated Data Flag - District Steam,Estimated Data Flag - District Steam,Estimated Data Flag - District Steam,Estimated Data Flag - District Steam,Estimated Data Flag - District Steam
Estimated Data Flag - Municipally Supplied Potable Water: Mixed Indoor/Outdoor Use,Estimated Data Flag - Municipally Supplied Potable Water: Mixed Indoor/Outdoor Use,Estimated Data Flag - Municipally Supplied Potable Water: Mixed Indoor/Outdoor Use,Estimated Data Flag - Municipally Supplied Potable Water: Mixed Indoor/Outdoor Use,Estimated Data Flag -  Municipally Supplied Potable Water – Outdoor Use,Estimated Data Flag -  Municipally Supplied Potable Water – Outdoor Use,Estimated Data Flag -  Municipally Supplied Reclaimed Water – Outdoor Use,Estimated Data Flag -  Municipally Supplied Reclaimed Water – Outdoor Use,Estimated Data Flag -  Municipally Supplied Reclaimed Water – Outdoor Use,Estimated Data Flag -  Municipally Supplied Reclaimed Water – Outdoor Use,Estimated Data Flag -  Municipally Supplied Reclaimed Water – Outdoor Use
Estimated Data Flag - Fuel Oil (No. 1),Estimated Data Flag - Fuel Oil (No. 1),Estimated Data Flag - Fuel Oil (No. 1),Estimated Data Flag - Fuel Oil (No. 1),Estimated Data Flag - Fuel Oil (No. 1),Estimated Data Flag - Fuel Oil (No. 1),Estimated Data Flag - Fuel Oil (No. 1),Estimated Data Flag - Fuel Oil (No. 1),Estimated Data Flag - Fuel Oil (No. 1),Estimated Data Flag - Fuel Oil (No. 1),Estimated Data Flag - Fuel Oil (No. 1)
Estimated Data Flag - Fuel Oil (No. 2),Estimated Data Flag - Fuel Oil (No. 2),Estimated Data Flag - Fuel Oil (No. 2),Estimated Data Flag - Fuel Oil (No. 2),Estimated Data Flag - Fuel Oil (No. 2),Estimated Data Flag - Fuel Oil (No. 2),Estimated Data Flag - Fuel Oil (No. 2),Estimated Data Flag - Fuel Oil (No. 2),Estimated Data Flag - Fuel Oil (No. 2),Estimated Data Flag - Fuel Oil (No. 2),Estimated Data Flag - Fuel Oil (No. 2)
Estimated Data Flag - Fuel Oil (No. 4),Estimated Data Flag - Fuel Oil (No. 4),Estimated Data Flag - Fuel Oil (No. 4),Estimated Data Flag - Fuel Oil (No. 4),Estimated Data Flag - Fuel Oil (No. 4),Estimated Data Flag - Fuel Oil (No. 4),Estimated Data Flag - Fuel Oil (No. 4),Estimated Data Flag - Fuel Oil (No. 4),Estimated Data Flag - Fuel Oil (No. 4),Estimated Data Flag - Fuel Oil (No. 4),Estimated Data Flag - Fuel Oil (No. 4)
Estimated Data Flag - Fuel Oil (No. 5 and No. 6),Estimated Data Flag - Fuel Oil (No. 5 and No. 6),Estimated Data Flag - Fuel Oil (No. 5 and No. 6),Estimated Data Flag - Fuel Oil (No. 5 and No. 6),Estimated Data Flag - Fuel Oil (No. 5 and No. 6),Estimated Data Flag - Fuel Oil (No. 5 and No. 6),Estimated Data Flag - Fuel Oil (No. 5 and No. 6),Estimated Data Flag - Fuel Oil (No. 5 and No. 6),Estimated Data Flag - Fuel Oil (No. 5 and No. 6),Estimated Data Flag - Fuel Oil (No. 5 and No. 6),Estimated Data Flag - Fuel Oil (No. 5 and No. 6)
Data Center - UPS Output Meter (kWh),Data Center - UPS Output Meter (kWh),Data Center - UPS Output Meter (kWh),Data Center - UPS Output Meter (kWh),Data Center - UPS Output Meter (kWh),Data Center - UPS Output Meter (kWh),Data Center - UPS Output Meter (kWh),Data Center - UPS Output Meter (kWh),Data Center - UPS Output Meter (kWh),Data Center - UPS Output Meter (kWh),Data Center - UPS Output Meter (kWh)
Data Center - PDU Input Meter (kWh),Data Center - PDU Input Meter (kWh),Data Center - PDU Input Meter (kWh),Data Center - PDU Input Meter (kWh),Data Center - PDU Input Meter (kWh),Data Center - PDU Input Meter (kWh),Data Center - PDU Input Meter (kWh),Data Center - PDU Input Meter (kWh),Data Center - PDU Input Meter (kWh),Data Center - PDU Input Site Energy (kWh),Data Center - PDU Input Site Energy (kWh)
Data Center - PDU Output Meter (kWh),Data Center - PDU Output Meter (kWh),Data Center - PDU Output Meter (kWh),Data Center - PDU Output Meter (kWh),Data Center - PDU Output Meter (kWh),Data Center - PDU Output Meter (kWh),Data Center - PDU Output Meter (kWh),Data Center - PDU Output Meter (kWh),Data Center - PDU Output Meter (kWh),Data Center - PDU Output Site Energy (kWh),Data Center - PDU Output Site Energy (kWh)
Data Center - IT Equipment Input Meter (kWh),Data Center - IT Equipment Input Meter (kWh),Data Center - IT Equipment Input Meter (kWh),Data Center - IT Equipment Input Meter (kWh),Data Center - IT Equipment Input Meter (kWh),Data Center - IT Equipment Input Meter (kWh),Data Center - IT Equipment Input Meter (kWh),Data Center - IT Equipment Input Meter (kWh),Data Center - IT Equipment Input Meter (kWh),Data Center - IT Equipment Input Site Energy (kWh),Data Center - IT Equipment Input Site Energy (kWh)
Data Center - IT Site Energy (kWh),Data Center - IT Site Energy (kWh),Data Center - IT Site Energy (kWh),Data Center - IT Site Energy (kWh),Data Center - IT Site Energy (kWh),Data Center - IT Site Energy (kWh),Data Center - IT Site Energy (kWh),Data Center - IT Site Energy (kWh),Data Center - IT Site Energy (kWh),Data Center - IT Site Energy (kWh),Data Center - IT Site Energy (kWh)
Data Center - IT Source Energy (kBtu),Data Center - IT Source Energy (kBtu),Data Center - IT Source Energy (kBtu),Data Center - IT Source Energy (kBtu),Data Center - IT Source Energy (kBtu),Data Center - IT Source Energy (kBtu),Data Center - IT Source Energy (kBtu),Data Center - IT Source Energy (kBtu),Data Center - IT Source Energy (kBtu),Data Center - IT Source Energy (kBtu),Data Center - IT Source Energy (kBtu)
Data Center - PUE,Data Center - PUE,Data Center - PUE,Data Center - PUE,Data Center - PUE,Data Center - PUE,Data Center - PUE,Data Center - PUE,Data Center - PUE,Data Center - PUE,Data Center - PUE
Data Center - National Median PUE,Data Center - National Median PUE,Data Center - National Median PUE,Data Center - National Median PUE,Data Center - National Median PUE,Data Center - National Median PUE,Data Center - National Median PUE,Data Center - National Median PUE,Data Center - National Median PUE,Data Center - National Median PUE,Data Center - National Median PUE
Data Center - Gross Floor Area (ft²),Data Center - Gross Floor Area (ft²),Data Center - Gross Floor Area (ft²),Data Center - Gross Floor Area (ft²),Data Center - Gross Floor Area (ft²),Data Center - Gross Floor Area (ft²),Data Center - Gross Floor Area (ft²),Data Center - Gross Floor Area (ft²),Data Center - Gross Floor Area (ft²),Data Center - Gross Floor Area (ft²),Data Center - Gross Floor Area (ft²)
Data Center - UPS System Redundancy,Data Center - UPS System Redundancy,Data Center - UPS System Redundancy,Data Center - UPS System Redundancy,Data Center - UPS System Redundancy,Data Center - UPS System Redundancy,Data Center - UPS System Redundancy,Data Center - UPS System Redundancy,Data Center - UPS System Redundancy,Data Center - UPS System Redundancy,Data Center - UPS System Redundancy
Data Center - IT Energy Configuration,Data Center - IT Energy Configuration,Data Center - IT Energy Configuration,Data Center - IT Energy Configuration,Data Center - IT Energy Configuration,Data Center - IT Energy Configuration,Data Center - IT Energy Configuration,Data Center - IT Energy Configuration,Data Center - IT Energy Configuration,Data Center - IT Energy Configuration,Data Center - IT Energy Configuration
Data Center - Cooling Equipment Redundancy,Data Center - Cooling Equipment Redundancy,Data Center - Cooling Equipment Redundancy,Data Center - Cooling Equipment Redundancy,Data Center - Cooling Equipment Redundancy,Data Center - Cooling Equipment Redundancy,Data Center - Cooling Equipment Redundancy,Data Center - Cooling Equipment Redundancy,Data Center - Cooling Equipment Redundancy,Data Center - Cooling Equipment Redundancy,Data Center - Cooling Equipment Redundancy
Ambulatory Surgical Center - Gross Floor Area (ft²),Ambulatory Surgical Center - Gross Floor Area (ft²),Ambulatory Surgical Center - Gross Floor Area (ft²),Ambulatory Surgical Center - Gross Floor Area (ft²),Ambulatory Surgical Center - Gross Floor Area (ft²),Ambulatory Surgical Center - Gross Floor Area (ft²),Ambulatory Surgical Center - Gross Floor Area (ft²),Ambulatory Surgical Center - Gross Floor Area (ft²),Ambulatory Surgical Center - Gross Floor Area (ft²),Ambulatory Surgical Center - Gross Floor Area (ft²),Ambulatory Surgical Center - Gross Floor Area (ft²)
Vehicle Dealership - Gross Floor Area (ft²),Automobile Dealership - Gross Floor Area (ft²),Automobile Dealership - Gross Floor Area (ft²),Automobile Dealership - Gross Floor Area (ft²),Automobile Dealership - Gross Floor Area (ft²),Automobile Dealership - Gross Floor Area (ft²),Automobile Dealership - Gross Floor Area (ft²),Automobile Dealership - Gross Floor Area (ft²),Automobile Dealership - Gross Floor Area (ft²),Automobile Dealership - Gross Floor Area (ft²),Automobile Dealership - Gross Floor Area (ft²)
Bank Branch - Gross Floor Area (ft²),Bank Branch - Gross Floor Area (ft²),Bank Branch - Gross Floor Area (ft²),Bank Branch - Gross Floor Area (ft²),Bank Branch - Gross Floor Area (ft²),Bank Branch - Gross Floor Area (ft²),Bank Branch - Gross Floor Area (ft²),Bank Branch - Gross Floor Area (ft²),Bank Branch - Gross Floor Area (ft²),Bank Branch - Gross Floor Area (ft²),Bank Branch - Gross Floor Area (ft²)
College/University - Gross Floor Area (ft²),College/University - Gross Floor Area (ft²),College/University - Gross Floor Area (ft²),College/University - Gross Floor Area (ft²),College/University - Gross Floor Area (ft²),College/University - Gross Floor Area (ft²),College/University - Gross Floor Area (ft²),College/University - Gross Floor Area (ft²),College/University - Gross Floor Area (ft²),College/University - Gross Floor Area (ft²),College/University - Gross Floor Area (ft²)
Convention Center - Gross Floor Area (ft²),Convention Center - Gross Floor Area (ft²),Convention Center - Gross Floor Area (ft²),Convention Center - Gross Floor Area (ft²),Convention Center - Gross Floor Area (ft²),Convention Center - Gross Floor Area (ft²),Convention Center - Gross Floor Area (ft²),Convention Center - Gross Floor Area (ft²),Convention Center - Gross Floor Area (ft²),Convention Center - Gross Floor Area (ft²),Convention Center - Gross Floor Area (ft²)
Courthouse - Gross Floor Area (ft²),Courthouse - Gross Floor Area (ft²),Courthouse - Gross Floor Area (ft²),Courthouse - Gross Floor Area (ft²),Courthouse - Gross Floor Area (ft²),Courthouse - Gross Floor Area (ft²),Courthouse - Gross Floor Area (ft²),Courthouse - Gross Floor Area (ft²),Courthouse - Gross Floor Area (ft²),Courthouse - Gross Floor Area (ft²),Courthouse - Gross Floor Area (ft²)
Distribution Center - Gross Floor Area (ft²),Distribution Center - Gross Floor Area (ft²),Distribution Center - Gross Floor Area (ft²),Distribution Center - Gross Floor Area (ft²),Distribution Center - Gross Floor Area (ft²),Distribution Center - Gross Floor Area (ft²),Distribution Center - Gross Floor Area (ft²),Distribution Center - Gross Floor Area (ft²),Distribution Center - Gross Floor Area (ft²),Distribution Center - Gross Floor Area (ft²),Distribution Center - Gross Floor Area (ft²)
Enclosed Mall - Gross Floor Area (ft²),Enclosed Mall - Gross Floor Area (ft²),Enclosed Mall - Gross Floor Area (ft²),Enclosed Mall - Gross Floor Area (ft²),Enclosed Mall - Gross Floor Area (ft²),Enclosed Mall - Gross Floor Area (ft²),Enclosed Mall - Gross Floor Area (ft²),Enclosed Mall - Gross Floor Area (ft²),Enclosed Mall - Gross Floor Area (ft²),Enclosed Mall - Gross Floor Area (ft²),Enclosed Mall - Gross Floor Area (ft²)
Energy/Power Station - Gross Floor Area (ft²),Energy/Power Station - Gross Floor Area (ft²),Energy/Power Station - Gross Floor Area (ft²),Energy/Power Station - Gross Floor Area (ft²),Energy/Power Station - Gross Floor Area (ft²),Energy/Power Station - Gross Floor Area (ft²),Energy/Power Station - Gross Floor Area (ft²),Energy/Power Station - Gross Floor Area (ft²),Energy/Power Station - Gross Floor Area (ft²),Energy/Power Station - Gross Floor Area (ft²),Energy/Power Station - Gross Floor Area (ft²)
Financial Office - Gross Floor Area (ft²),Financial Office - Gross Floor Area (ft²),Financial Office - Gross Floor Area (ft²),Financial Office - Gross Floor Area (ft²),Financial Office - Gross Floor Area (ft²),Financial Office - Gross Floor Area (ft²),Financial Office - Gross Floor Area (ft²),Financial Office - Gross Floor Area (ft²),Financial Office - Gross Floor Area (ft²),Financial Office - Gross Floor Area (ft²),Financial Office - Gross Floor Area (ft²)
Financial Office - Number of Computers,Financial Office - Number of Computers,Financial Office - Number of Computers,Financial Office - Number of Computers,Financial Office - Number of Computers,Financial Office - Number of Computers,Financial Office - Number of Computers,Financial Office - Number of Computers,Financial Office - Number of Computers,Financial Office - Number of Computers,Financial Office - Number of Computers
Financial Office - Weekly Operating Hours,Financial Office - Weekly Operating Hours,Financial Office - Weekly Operating Hours,Financial Office - Weekly Operating Hours,Financial Office - Weekly Operating Hours,Financial Office - Weekly Operating Hours,Financial Office - Weekly Operating Hours,Financial Office - Weekly Operating Hours,Financial Office - Weekly Operating Hours,Financial Office - Weekly Operating Hours,Financial Office - Weekly Operating Hours
Financial Office - Number of Workers on Main Shift,Financial Office - Number of Workers on Main Shift,Financial Office - Number of Workers on Main Shift,Financial Office - Number of Workers on Main Shift,Financial Office - Number of Workers on Main Shift,Financial Office - Number of Workers on Main Shift,Financial Office - Number of Workers on Main Shift,Financial Office - Number of Workers on Main Shift,Financial Office - Number of Workers on Main Shift,Financial Office - Number of Workers on Main Shift,Financial Office - Number of Workers on Main Shift
Fitness Center/Health Club/Gym - Gross Floor Area (ft²),Fitness Center/Health Club/Gym - Gross Floor Area (ft²),Fitness Center/Health Club/Gym - Gross Floor Area (ft²),Fitness Center/Health Club/Gym - Gross Floor Area (ft²),Fitness Center/Health Club/Gym - Gross Floor Area (ft²),Fitness Center/Health Club/Gym - Gross Floor Area (ft²),Fitness Center/Health Club/Gym - Gross Floor Area (ft²),Fitness Center/Health Club/Gym - Gross Floor Area (ft²),Fitness Center/Health Club/Gym - Gross Floor Area (ft²),Fitness Center/Health Club/Gym - Gross Floor Area (ft²),Fitness Center/Health Club/Gym - Gross Floor Area (ft²)
Food Sales - Gross Floor Area (ft²),Food Sales - Gross Floor Area (ft²),Food Sales - Gross Floor Area (ft²),Food Sales - Gross Floor Area (ft²),Food Sales - Gross Floor Area (ft²),Food Sales - Gross Floor Area (ft²),Food Sales - Gross Floor Area (ft²),Food Sales - Gross Floor Area (ft²),Food Sales - Gross Floor Area (ft²),Food Sales - Gross Floor Area (ft²),Food Sales - Gross Floor Area (ft²)
Food Service - Gross Floor Area (ft²),Food Service - Gross Floor Area (ft²),Food Service - Gross Floor Area (ft²),Food Service - Gross Floor Area (ft²),Food Service - Gross Floor Area (ft²),Food Service - Gross Floor Area (ft²),Food Service - Gross Floor Area (ft²),Food Service - Gross Floor Area (ft²),Food Service - Gross Floor Area (ft²),Food Service - Gross Floor Area (ft²),Food Service - Gross Floor Area (ft²)
Hospital (General Medical & Surgical) - Full-Time Equivalent (FTE) Workers,Hospital (General Medical & Surgical) - Full -Time Equivalent (FTE) Workers,Hospital (General Medical & Surgical)- Full Time Equivalent (FTE) Workers,Hospital (General Medical & Surgical)- Full Time Equivalent (FTE) Workers,Hospital (General Medical & Surgical)- Full Time Equivalent (FTE) Workers,Hospital (General Medical & Surgical)- Full Time Equivalent (FTE) Workers,Hospital (General Medical & Surgical)- Full Time Equivalent (FTE) Workers,Hospital (General Medical & Surgical)- Full Time Equivalent (FTE) Workers,Hospital (General Medical & Surgical)- Full Time Equivalent (FTE) Workers,Hospital (General Medical & Surgical)- Full Time Equivalent (FTE) Workers,Hospital (General Medical & Surgical)- Full Time Equivalent (FTE) Workers
Hospital (General Medical & Surgical) - Gross Floor Area (ft²),Hospital (General Medical & Surgical) - Gross Floor Area (ft²),Hospital (General Medical & Surgical) - Gross Floor Area (ft²),Hospital (General Medical & Surgical) - Gross Floor Area (ft²),Hospital (General Medical & Surgical) - Gross Floor Area (ft²),Hospital (General Medical & Surgical) - Gross Floor Area (ft²),Hospital (General Medical & Surgical) - Gross Floor Area (ft²),Hospital (General Medical & Surgical) - Gross Floor Area (ft²),Hospital (General Medical & Surgical) - Gross Floor Area (ft²),Hospital (General Medical & Surgical) - Gross Floor Area (ft²),Hospital (General Medical & Surgical) - Gross Floor Area (ft²)
Hospital (General Medical & Surgical) - Laboratory,Hospital (General Medical & Surgical) - Laboratory,Hospital (General Medical & Surgical) - Laboratory,Hospital (General Medical & Surgical) - Laboratory,Hospital (General Medical & Surgical) - Laboratory,Hospital (General Medical & Surgical) - Laboratory,Hospital (General Medical & Surgical) - Laboratory,Hospital (General Medical & Surgical) - Laboratory,Hospital (General Medical & Surgical) - Laboratory,Hospital (General Medical & Surgical) - Laboratory,Hospital (General Medical & Surgical) - Laboratory
Hospital (General Medical & Surgical) - Licensed Bed Capacity,Hospital (General Medical & Surgical) - Licensed Bed Capacity,Hospital (General Medical & Surgical) - Licensed Bed Capacity,Hospital (General Medical & Surgical) - Licensed Bed Capacity,Hospital (General Medical & Surgical) - Licensed Bed Capacity,Hospital (General Medical & Surgical) - Licensed Bed Capacity,Hospital (General Medical & Surgical) - Licensed Bed Capacity,Hospital (General Medical & Surgical) - Licensed Bed Capacity,Hospital (General Medical & Surgical) - Licensed Bed Capacity,Hospital (General Medical & Surgical) - Licensed Bed Capacity,Hospital (General Medical & Surgical) - Licensed Bed Capacity
Hospital (General Medical & Surgical) - Number of MRI Machines,Hospital (General Medical & Surgical) - Number of MRI Machines,Hospital (General Medical & Surgical) - Number of MRI Machines,Hospital (General Medical & Surgical) - Number of MRI Machines,Hospital (General Medical & Surgical) - Number of MRI Machines,Hospital (General Medical & Surgical) - Number of MRI Machines,Hospital (General Medical & Surgical) - Number of MRI Machines,Hospital (General Medical & Surgical) - Number of MRI Machines,Hospital (General Medical & Surgical) - Number of MRI Machines,Hospital (General Medical & Surgical) - Number of MRI Machines,Hospital (General Medical & Surgical) - Number of MRI Machines
"Hospital (General Medical & Surgical) - MRI Density (Number per 1,000 sq ft)","Hospital (General Medical & Surgical) - MRI Density (Number per 1,000 sq ft)","Hospital (General Medical & Surgical) - MRI Density (Number per 1,000 sq ft)","Hospital (General Medical & Surgical) - MRI Density (Number per 1,000 sq ft)","Hospital (General Medical & Surgical) - MRI Density (Number per 1,000 ft²)","Hospital (General Medical & Surgical) - MRI Density (Number per 1,000 ft²)","Hospital (General Medical & Surgical) - MRI Density (Number per 1,000 ft²)","Hospital (General Medical & Surgical) - MRI Density (Number per 1,000 ft²)","Hospital (General Medical & Surgical) - MRI Density (Number per 1,000 ft²)","Hospital (General Medical & Surgical) - MRI Density (Number per 1,000 ft²)","Hospital (General Medical & Surgical) - MRI Density (Number per 1,000 ft²)"
Hospital (General Medical & Surgical) - Number of Staffed Beds,Hospital (General Medical & Surgical) - Number of Staffed Beds,Hospital (General Medical & Surgical) - Number of Staffed Beds,Hospital (General Medical & Surgical) - Number of Staffed Beds,Hospital (General Medical & Surgical) - Number of Staffed Beds,Hospital (General Medical & Surgical) - Number of Staffed Beds,Hospital (General Medical & Surgical) - Number of Staffed Beds,Hospital (General Medical & Surgical) - Number of Staffed Beds,Hospital (General Medical & Surgical) - Number of Staffed Beds,Hospital (General Medical & Surgical) - Number of Staffed Beds,Hospital (General Medical & Surgical) - Number of Staffed Beds
"Hospital (General Medical & Surgical) - Staffed Bed Density (Number per 1,000 sq ft)","Hospital (General Medical & Surgical) - Staffed Bed Density (Number per 1,000 sq ft)","Hospital (General Medical & Surgical) - Staffed Bed Density (Number per 1,000 sq ft)","Hospital (General Medical & Surgical) - Staffed Bed Density (Number per 1,000 sq ft)","Hospital (General Medical & Surgical) - Staffed Bed Density (Number per 1,000 ft²)","Hospital (General Medical & Surgical) - Staffed Bed Density (Number per 1,000 ft²)","Hospital (General Medical & Surgical) - Staffed Bed Density (Number per 1,000 ft²)","Hospital (General Medical & Surgical) - Staffed Bed Density (Number per 1,000 ft²)","Hospital (General Medical & Surgical) - Staffed Bed Density (Number per 1,000 ft²)","Hospital (General Medical & Surgical) - Staffed Bed Density (Number per 1,000 ft²)","Hospital (General Medical & Surgical) - Staffed Bed Density (Number per 1,000 ft²)"
Hospital (General Medical & Surgical) - Percent That Can Be Cooled,Hospital (General Medical & Surgical) - Percent That Can Be Cooled,Hospital (General Medical & Surgical) - Percent That Can Be Cooled,Hospital (General Medical & Surgical) - Percent That Can Be Cooled,Hospital (General Medical & Surgical) - Percent That Can Be Cooled,Hospital (General Medical & Surgical) - Percent That Can Be Cooled,Hospital (General Medical & Surgical) - Percent That Can Be Cooled,Hospital (General Medical & Surgical) - Percent That Can Be Cooled,Hospital (General Medical & Surgical) - Percent That Can Be Cooled,Hospital (General Medical & Surgical) - Percent That Can Be Cooled,Hospital (General Medical & Surgical) - Percent That Can Be Cooled
Hospital (General Medical & Surgical) - Percent That Can Be Heated,Hospital (General Medical & Surgical) - Percent That Can Be Heated,Hospital (General Medical & Surgical) - Percent That Can Be Heated,Hospital (General Medical & Surgical) - Percent That Can Be Heated,Hospital (General Medical & Surgical) - Percent That Can Be Heated,Hospital (General Medical & Surgical) - Percent That Can Be Heated,Hospital (General Medical & Surgical) - Percent That Can Be Heated,Hospital (General Medical & Surgical) - Percent That Can Be Heated,Hospital (General Medical & Surgical) - Percent That Can Be Heated,Hospital (General Medical & Surgical) - Percent That Can Be Heated,Hospital (General Medical & Surgical) - Percent That Can Be Heated
Medical Office - Gross Floor Area (ft²),Medical Office - Gross Floor Area (ft²),Medical Office - Gross Floor Area (ft²),Medical Office - Gross Floor Area (ft²),Medical Office - Gross Floor Area (ft²),Medical Office - Gross Floor Area (ft²),Medical Office - Gross Floor Area (ft²),Medical Office - Gross Floor Area (ft²),Medical Office - Gross Floor Area (ft²),Medical Office - Gross Floor Area (ft²),Medical Office - Gross Floor Area (ft²)
Medical Office - Number of MRI Machines,Medical Office - Number of MRI Machines,Medical Office - Number of MRI Machines,Medical Office - Number of MRI Machines,Medical Office - Number of MRI Machines,Medical Office - Number of MRI Machines,Medical Office - Number of MRI Machines,Medical Office - Number of MRI Machines,Medical Office - Number of MRI Machines,Medical Office - Number of MRI Machines,Medical Office - Number of MRI Machines
Medical Office - Number of Workers on Main Shift,Medical Office - Number of Workers on Main Shift,Medical Office - Number of Workers on Main Shift,Medical Office - Number of Workers on Main Shift,Medical Office - Number of Workers on Main Shift,Medical Office - Number of Workers on Main Shift,Medical Office - Number of Workers on Main Shift,Medical Office - Number of Workers on Main Shift,Medical Office - Number of Workers on Main Shift,Medical Office - Number of Workers on Main Shift,Medical Office - Number of Workers on Main Shift
Medical Office - Percent That Can Be Cooled,Medical Office - Percent That Can Be Cooled,Medical Office - Percent That Can Be Cooled,Medical Office - Percent That Can Be Cooled,Medical Office - Percent That Can Be Cooled,Medical Office - Percent That Can Be Cooled,Medical Office - Percent That Can Be Cooled,Medical Office - Percent That Can Be Cooled,Medical Office - Percent That Can Be Cooled,Medical Office - Percent That Can Be Cooled,Medical Office - Percent That Can Be Cooled
Medical Office - Percent That Can Be Heated,Medical Office - Percent That Can Be Heated,Medical Office - Percent That Can Be Heated,Medical Office - Percent That Can Be Heated,Medical Office - Percent That Can Be Heated,Medical Office - Percent That Can Be Heated,Medical Office - Percent That Can Be Heated,Medical Office - Percent That Can Be Heated,Medical Office - Percent That Can Be Heated,Medical Office - Percent That Can Be Heated,Medical Office - Percent That Can Be Heated
Medical Office - Weekly Operating Hours,Medical Office - Weekly Operating Hours,Medical Office - Weekly Operating Hours,Medical Office - Weekly Operating Hours,Medical Office - Weekly Operating Hours,Medical Office - Weekly Operating Hours,Medical Office - Weekly Operating Hours,Medical Office - Weekly Operating Hours,Medical Office - Weekly Operating Hours,Medical Office - Weekly Operating Hours,Medical Office - Weekly Operating Hours
Outpatient Rehabilitation/Physical Therapy - Gross Floor Area (ft²),Outpatient Rehabilitation/Physical Therapy - Gross Floor Area (ft²),Outpatient Rehabilitation/Physical Therapy - Gross Floor Area (ft²),Outpatient Rehabilitation/Physical Therapy - Gross Floor Area (ft²),Outpatient Rehabilitation/Physical Therapy - Gross Floor Area (ft²),Outpatient Rehabilitation/Physical Therapy - Gross Floor Area (ft²),Outpatient Rehabilitation/Physical Therapy - Gross Floor Area (ft²),Outpatient Rehabilitation/Physical Therapy - Gross Floor Area (ft²),Outpatient Rehabilitation/Physical Therapy - Gross Floor Area (ft²),Outpatient Rehabilitation/Physical Therapy - Gross Floor Area (ft²),Outpatient Rehabilitation/Physical Therapy - Gross Floor Area (ft²)
Urgent Care/Clinic/Other Outpatient - Gross Floor Area (ft²),Urgent Care/Clinic/Other Outpatient - Gross Floor Area (ft²),Urgent Care/Clinic/Other Outpatient - Gross Floor Area (ft²),Urgent Care/Clinic/Other Outpatient - Gross Floor Area (ft²),Urgent Care/Clinic/Other Outpatient - Gross Floor Area (ft²),Urgent Care/Clinic/Other Outpatient - Gross Floor Area (ft²),Urgent Care/Clinic/Other Outpatient - Gross Floor Area (ft²),Urgent Care/Clinic/Other Outpatient - Gross Floor Area (ft²),Urgent Care/Clinic/Other Outpatient - Gross Floor Area (ft²),Urgent Care/Clinic/Other Outpatient - Gross Floor Area (ft²),Urgent Care/Clinic/Other Outpatient - Gross Floor Area (ft²)
Hotel - Gross Floor Area (ft²),Hotel - Gross Floor Area (ft²),Hotel - Gross Floor Area (ft²),Hotel - Gross Floor Area (ft²),Hotel - Gross Floor Area (ft²),Hotel - Gross Floor Area (ft²),Hotel - Gross Floor Area (ft²),Hotel - Gross Floor Area (ft²),Hotel - Gross Floor Area (ft²),Hotel - Gross Floor Area (ft²),Hotel - Gross Floor Area (ft²)
Hotel - Gym/fitness  Center Floor Area (ft²),Hotel - Gym/fitness  Center Floor Area (ft²),Hotel - Gym/fitness  Center Floor Area (ft²),Hotel - Gym/fitness  Center Floor Area (ft²),Hotel - Gym/fitness  Center Floor Area (ft²),Hotel - Gym/fitness  Center Floor Area (ft²),Hotel - Gym/fitness  Center Floor Area (ft²),Hotel - Gym/fitness  Center Floor Area (ft²),Hotel - Gym/fitness  Center Floor Area (ft²),Hotel - Gym/fitness  Center Floor Area (ft²),Hotel - Gym/fitness  Center Floor Area (ft²)
K-12 School - Gross Floor Area (ft²),K-12 School - Gross Floor Area (ft²),K-12 School - Gross Floor Area (ft²),K-12 School - Gross Floor Area (ft²),K-12 School - Gross Floor Area (ft²),K-12 School - Gross Floor Area (ft²),K-12 School - Gross Floor Area (ft²),K-12 School - Gross Floor Area (ft²),K-12 School - Gross Floor Area (ft²),K-12 School - Gross Floor Area (ft²),K-12 School - Gross Floor Area (ft²)
Pre-school/Daycare - Gross Floor Area (ft²),Pre-school/Daycare - Gross Floor Area (ft²),Pre-school/Daycare - Gross Floor Area (ft²),Pre-school/Daycare - Gross Floor Area (ft²),Pre-school/Daycare - Gross Floor Area (ft²),Pre-school/Daycare - Gross Floor Area (ft²),Pre-school/Daycare - Gross Floor Area (ft²),Pre-school/Daycare - Gross Floor Area (ft²),Pre-school/Daycare - Gross Floor Area (ft²),Pre-school/Daycare - Gross Floor Area (ft²),Pre-school/Daycare - Gross Floor Area (ft²)
Laboratory - Gross Floor Area (ft²),Laboratory - Gross Floor Area (ft²),Laboratory - Gross Floor Area (ft²),Laboratory - Gross Floor Area (ft²),Laboratory - Gross Floor Area (ft²),Laboratory - Gross Floor Area (ft²),Laboratory - Gross Floor Area (ft²),Laboratory - Gross Floor Area (ft²),Laboratory - Gross Floor Area (ft²),Laboratory - Gross Floor Area (ft²),Laboratory - Gross Floor Area (ft²)
Mailing Center/Post Office - Gross Floor Area (ft²),Mailing Center/Post Office - Gross Floor Area (ft²),Mailing Center/Post Office - Gross Floor Area (ft²),Mailing Center/Post Office - Gross Floor Area (ft²),Mailing Center/Post Office - Gross Floor Area (ft²),Mailing Center/Post Office - Gross Floor Area (ft²),Mailing Center/Post Office - Gross Floor Area (ft²),Mailing Center/Post Office - Gross Floor Area (ft²),Mailing Center/Post Office - Gross Floor Area (ft²),Mailing Center/Post Office - Gross Floor Area (ft²),Mailing Center/Post Office - Gross Floor Area (ft²)
Movie Theater - Gross Floor Area (ft²),Movie Theater - Gross Floor Area (ft²),Movie Theater - Gross Floor Area (ft²),Movie Theater - Gross Floor Area (ft²),Movie Theater - Gross Floor Area (ft²),Movie Theater - Gross Floor Area (ft²),Movie Theater - Gross Floor Area (ft²),Movie Theater - Gross Floor Area (ft²),Movie Theater - Gross Floor Area (ft²),Movie Theater - Gross Floor Area (ft²),Movie Theater - Gross Floor Area (ft²)
Manufacturing/Industrial Plant - Gross Floor Area (ft²),Manufacturing/Industrial Plant - Gross Floor Area (ft²),Manufacturing/Industrial Plant - Gross Floor Area (ft²),Manufacturing/Industrial Plant - Gross Floor Area (ft²),Manufacturing/Industrial Plant - Gross Floor Area (ft²),Manufacturing/Industrial Plant - Gross Floor Area (ft²),Manufacturing/Industrial Plant - Gross Floor Area (ft²),Manufacturing/Industrial Plant - Gross Floor Area (ft²),Manufacturing/Industrial Plant - Gross Floor Area (ft²),Manufacturing/Industrial Plant - Gross Floor Area (ft²),Manufacturing/Industrial Plant - Gross Floor Area (ft²)
Multifamily Housing - Government Subsidized Housing,Multifamily Housing - Government Subsidized Housing,Multifamily Housing - Government Subsidized Housing,Multifamily Housing - Government Subsidized Housing,Multifamily Housing - Government Subsidized Housing,Multifamily Housing - Government Subsidized Housing,Multifamily Housing - Government Subsidized Housing,Multifamily Housing - Government Subsidized Housing,Multifamily Housing - Government Subsidized Housing,Multifamily Housing - Government Subsidized Housing,Multifamily Housing - Government Subsidized Housing
Multifamily Housing - Gross Floor Area (ft²),Multifamily Housing - Gross Floor Area (ft²),Multifamily Housing - Gross Floor Area (ft²),Multifamily Housing - Gross Floor Area (ft²),Multifamily Housing - Gross Floor Area (ft²),Multifamily Housing - Gross Floor Area (ft²),Multifamily Housing - Gross Floor Area (ft²),Multifamily Housing - Gross Floor Area (ft²),Multifamily Housing - Gross Floor Area (ft²),Multifamily Housing - Gross Floor Area (ft²),Multifamily Housing - Gross Floor Area (ft²)
Multifamily Housing - Number of Bedrooms,Multifamily Housing - Number of Bedrooms,Multifamily Housing - Number of Bedrooms,Multifamily Housing - Number of Bedrooms,Multifamily Housing - Number of Bedrooms,Multifamily Housing - Number of Bedrooms,Multifamily Housing - Number of Bedrooms,Multifamily Housing - Number of Bedrooms,Multifamily Housing - Number of Bedrooms,Multifamily Housing - Number of Bedrooms,Multifamily Housing - Number of Bedrooms
"Multifamily Housing - Number of Bedrooms Density (Number per 1,000 sq ft)","Multifamily Housing - Number of Bedrooms Density (Number per 1,000 sq ft)","Multifamily Housing - Number of Bedrooms Density (Number per 1,000 sq ft)","Multifamily Housing - Number of Bedrooms Density (Number per 1,000 sq ft)","Multifamily Housing - Number of Bedrooms Density (Number per 1,000 ft²)","Multifamily Housing - Number of Bedrooms Density (Number per 1,000 ft²)","Multifamily Housing - Number of Bedrooms Density (Number per 1,000 ft²)","Multifamily Housing - Number of Bedrooms Density (Number per 1,000 ft²)","Multifamily Housing - Number of Bedrooms Density (Number per 1,000 ft²)","Multifamily Housing - Number of Bedrooms Density (Number per 1,000 ft²)","Multifamily Housing - Number of Bedrooms Density (Number per 1,000 ft²)"
Multifamily Housing - Number of Laundry Hookups in All Units,Multifamily Housing - Number of Laundry Hookups in All Units,Multifamily Housing - Number of Laundry Hookups in All Units,Multifamily Housing - Number of Laundry Hookups in All Units,Multifamily Housing - Number of Laundry Hookups in All Units,Multifamily Housing - Number of Laundry Hookups in All Units,Multifamily Housing - Number of Laundry Hookups in All Units,Multifamily Housing - Number of Laundry Hookups in All Units,Multifamily Housing - Number of Laundry Hookups in All Units,Multifamily Housing - Number of Laundry Hookups in All Units,Multifamily Housing - Number of Laundry Hookups in All Units
Multifamily Housing - Number of Laundry Hookups in Common Area(s),Multifamily Housing - Number of Laundry Hookups in Common Area(s),Multifamily Housing - Number of Laundry Hookups in Common Area(s),Multifamily Housing - Number of Laundry Hookups in Common Area(s),Multifamily Housing - Number of Laundry Hookups in Common Area(s),Multifamily Housing - Number of Laundry Hookups in Common Area(s),Multifamily Housing - Number of Laundry Hookups in Common Area(s),Multifamily Housing - Number of Laundry Hookups in Common Area(s),Multifamily Housing - Number of Laundry Hookups in Common Area(s),Multifamily Housing - Number of Laundry Hookups in Common Area(s),Multifamily Housing - Number of Laundry Hookups in Common Area(s)
Multifamily Housing - Number of Residential Living Units in a High-Rise Building (10 or more Stories),Multifamily Housing - Number of Residential Living Units in a High-Rise Building (10 or more Stories),Multifamily Housing - Number of Residential Living Units in a High-Rise Building (10 or more Stories),Multifamily Housing - Number of Residential Living Units in a High-Rise Building (10 or more Stories),Multifamily Housing - Number of Residential Living Units in a High-Rise Building (10 or more Stories),Multifamily Housing - Number of Residential Living Units in a High-Rise Building (10 or more Stories),Multifamily Housing - Number of Residential Living Units in a High-Rise Building (10 or more Stories),Multifamily Housing - Number of Residential Living Units in a High-Rise Setting (10 or more Stories),Multifamily Housing - Number of Residential Living Units in a High-Rise Setting (10 or more Stories),Multifamily Housing - Number of Residential Living Units in a High-Rise Setting (10 or more Stories),Multifamily Housing - Number of Residential Living Units in a High-Rise Setting (10 or more Stories)
Multifamily Housing - Percent That Can Be Cooled,Multifamily Housing - Percent That Can Be Cooled,Multifamily Housing - Percent That Can Be Cooled,Multifamily Housing - Percent That Can Be Cooled,Multifamily Housing - Percent That Can Be Cooled,Multifamily Housing - Percent That Can Be Cooled,Multifamily Housing - Percent That Can Be Cooled,Multifamily Housing - Percent That Can Be Cooled,Multifamily Housing - Percent That Can Be Cooled,Multifamily Housing - Percent That Can Be Cooled,Multifamily Housing - Percent That Can Be Cooled
Multifamily Housing - Percent That Can Be Heated,Multifamily Housing - Percent That Can Be Heated,Multifamily Housing - Percent That Can Be Heated,Multifamily Housing - Percent That Can Be Heated,Multifamily Housing - Percent That Can Be Heated,Multifamily Housing - Percent That Can Be Heated,Multifamily Housing - Percent That Can Be Heated,Multifamily Housing - Percent That Can Be Heated,Multifamily Housing - Percent That Can Be Heated,Multifamily Housing - Percent That Can Be Heated,Multifamily Housing - Percent That Can Be Heated
Multifamily Housing - Total Number of Residential Living Units,Multifamily Housing - Total Number of Residential Living Units,Multifamily Housing - Total Number of Residential Living Units,Multifamily Housing - Total Number of Residential Living Units,Multifamily Housing - Total Number of Residential Living Units,Multifamily Housing - Total Number of Residential Living Units,Multifamily Housing - Total Number of Residential Living Units,Multifamily Housing - Total Number of Residential Living Units,Multifamily Housing - Total Number of Residential Living Units,Multifamily Housing - Total Number of Residential Living Units,Multifamily Housing - Total Number of Residential Living Units
"Multifamily Housing - Total Number of Residential Living Units Density (Number per 1,000 sq ft)","Multifamily Housing - Total Number of Residential Living Units Density (Number per 1,000 sq ft)","Multifamily Housing - Total Number of Residential Living Units Density (Number per 1,000 sq ft)","Multifamily Housing - Total Number of Residential Living Units Density (Number per 1,000 sq ft)","Multifamily Housing - Total Number of Residential Living Units Density (Number per 1,000 ft²)","Multifamily Housing - Total Number of Residential Living Units Density (Number per 1,000 ft²)","Multifamily Housing - Total Number of Residential Living Units Density (Number per 1,000 ft²)","Multifamily Housing - Total Number of Residential Living Units Density (Number per 1,000 ft²)","Multifamily Housing - Total Number of Residential Living Units Density (Number per 1,000 ft²)","Multifamily Housing - Total Number of Residential Living Units Density (Number per 1,000 ft²)","Multifamily Housing - Total Number of Residential Living Units Density (Number per 1,000 ft²)"
"Multifamily Housing - Number of Residential Living Units in a High-Rise Building Density (Number per 1,000 sq ft)","Multifamily Housing - Number of Residential Living Units in a High-Rise Building Density (Number per 1,000 sq ft)","Multifamily Housing - Number of Residential Living Units in a High-Rise Building Density (Number per 1,000 sq ft)","Multifamily Housing - Number of Residential Living Units in a High-Rise Building Density (Number per 1,000 sq ft)","Multifamily Housing - Number of Residential Living Units in a High-Rise Building Density (Number per 1,000 ft²)","Multifamily Housing - Number of Residential Living Units in a High-Rise Building Density (Number per 1,000 ft²)","Multifamily Housing - Number of Residential Living Units in a High-Rise Building Density (Number per 1,000 ft²)","Multifamily Housing - Number of Residential Living Units in a High-Rise Setting Density (Number per 1,000 ft²)","Multifamily Housing - Number of Residential Living Units in a High-Rise Setting Density (Number per 1,000 ft²)","Multifamily Housing - Number of Residential Living Units in a High-Rise Setting Density (Number per 1,000 ft²)","Multifamily Housing - Number of Residential Living Units in a High-Rise Setting Density (Number per 1,000 ft²)"
Multifamily Housing - Number of Residential Living Units in a Mid-Rise Building (5-9 Stories),Multifamily Housing - Number of Residential Living Units in a Mid-Rise Building (5-9 Stories),Multifamily Housing - Number of Residential Living Units in a Mid-Rise Building (5-9 Stories),Multifamily Housing - Number of Residential Living Units in a Mid-Rise Building (5-9 Stories),Multifamily Housing - Number of Residential Living Units in a Mid-Rise Building (5-9 Stories),Multifamily Housing - Number of Residential Living Units in a Mid-Rise Building (5-9 Stories),Multifamily Housing - Number of Residential Living Units in a Mid-Rise Building (5-9 Stories),Multifamily Housing - Number of Residential Living Units in a Mid-Rise Setting (5-9 Stories),Multifamily Housing - Number of Residential Living Units in a Mid-Rise Setting (5-9 Stories),Multifamily Housing - Total Number of Residential Living Units,Multifamily Housing - Total Number of Residential Living Units
"Multifamily Housing - Number of Residential Living Units in a Mid-Rise Building Density (Number per 1,000 sq ft)","Multifamily Housing - Number of Residential Living Units in a Mid-Rise Building Density (Number per 1,000 sq ft)","Multifamily Housing - Number of Residential Living Units in a Mid-Rise Building Density (Number per 1,000 sq ft)","Multifamily Housing - Number of Residential Living Units in a Mid-Rise Building Density (Number per 1,000 sq ft)","Multifamily Housing - Number of Residential Living Units in a Mid-Rise Building Density (Number per 1,000 ft²)","Multifamily Housing - Number of Residential Living Units in a Mid-Rise Building Density (Number per 1,000 ft²)","Multifamily Housing - Number of Residential Living Units in a Mid-Rise Building Density (Number per 1,000 ft²)","Multifamily Housing - Number of Residential Living Units in a Mid-Rise Setting Density (Number per 1,000 ft²)","Multifamily Housing - Number of Residential Living Units in a Mid-Rise Setting Density (Number per 1,000 ft²)","Multifamily Housing - Number of Residential Living Units in a Mid-Rise Setting Density (Number per 1,000 ft²)","Multifamily Housing - Number of Residential Living Units in a Mid-Rise Setting Density (Number per 1,000 ft²)"
Multifamily Housing - Resident Population Type,Multifamily Housing - Resident Population Type,Multifamily Housing - Resident Population Type,Multifamily Housing - Resident Population Type,Multifamily Housing - Resident Population Type,Multifamily Housing - Resident Population Type,Multifamily Housing - Resident Population Type,Multifamily Housing - Resident Population Type,Multifamily Housing - Resident Population Type,Multifamily Housing - Resident Population Type,Multifamily Housing - Resident Population Type
Residence Hall/Dormitory - Gross Floor Area (ft²),Residence Hall/Dormitory - Gross Floor Area (ft²),Residence Hall/Dormitory - Gross Floor Area (ft²),Residence Hall/Dormitory - Gross Floor Area (ft²),Residence Hall/Dormitory - Gross Floor Area (ft²),Residence Hall/Dormitory - Gross Floor Area (ft²),Residence Hall/Dormitory - Gross Floor Area (ft²),Residence Hall/Dormitory - Gross Floor Area (ft²),Residence Hall/Dormitory - Gross Floor Area (ft²),Residence Hall/Dormitory - Gross Floor Area (ft²),Residence Hall/Dormitory - Gross Floor Area (ft²)
Non-Refrigerated Warehouse - Gross Floor Area (ft²),Non-Refrigerated Warehouse - Gross Floor Area (ft²),Non-Refrigerated Warehouse - Gross Floor Area (ft²),Non-Refrigerated Warehouse - Gross Floor Area (ft²),Non-Refrigerated Warehouse - Gross Floor Area (ft²),Non-Refrigerated Warehouse - Gross Floor Area (ft²),Non-Refrigerated Warehouse - Gross Floor Area (ft²),Non-Refrigerated Warehouse - Gross Floor Area (ft²),Non-Refrigerated Warehouse - Gross Floor Area (ft²),Non-Refrigerated Warehouse - Gross Floor Area (ft²),Non-Refrigerated Warehouse - Gross Floor Area (ft²)
Office - Gross Floor Area (ft²),Office - Gross Floor Area (ft²),Office - Gross Floor Area (ft²),Office - Gross Floor Area (ft²),Office - Gross Floor Area (ft²),Office - Gross Floor Area (ft²),Office - Gross Floor Area (ft²),Office - Gross Floor Area (ft²),Office - Gross Floor Area (ft²),Office - Gross Floor Area (ft²),Office - Gross Floor Area (ft²)
Office - Number of Computers,Office - Number of Computers,Office - Number of Computers,Office - Number of Computers,Office - Number of Computers,Office - Number of Computers,Office - Number of Computers,Office - Number of Computers,Office - Number of Computers,Office - Number of Computers,Office - Number of Computers
Office - Number of Workers on Main Shift,Office - Number of Workers on Main Shift,Office - Number of Workers on Main Shift,Office - Number of Workers on Main Shift,Office - Number of Workers on Main Shift,Office - Number of Workers on Main Shift,Office - Number of Workers on Main Shift,Office - Number of Workers on Main Shift,Office - Number of Workers on Main Shift,Office - Number of Workers on Main Shift,Office - Number of Workers on Main Shift
Office - Percent That Can Be Cooled,Office - Percent That Can Be Cooled,Office - Percent That Can Be Cooled,Office - Percent That Can Be Cooled,Office - Percent That Can Be Cooled,Office - Percent That Can Be Cooled,Office - Percent That Can Be Cooled,Office - Percent That Can Be Cooled,Office - Percent That Can Be Cooled,Office - Percent That Can Be Cooled,Office - Percent That Can Be Cooled
Office - Percent That Can Be Heated,Office - Percent That Can Be Heated,Office - Percent That Can Be Heated,Office - Percent That Can Be Heated,Office - Percent That Can Be Heated,Office - Percent That Can Be Heated,Office - Percent That Can Be Heated,Office - Percent That Can Be Heated,Office - Percent That Can Be Heated,Office - Percent That Can Be Heated,Office - Percent That Can Be Heated
Office - Weekly Operating Hours,Office - Weekly Operating Hours,Office - Weekly Operating Hours,Office - Weekly Operating Hours,Office - Weekly Operating Hours,Office - Weekly Operating Hours,Office - Weekly Operating Hours,Office - Weekly Operating Hours,Office - Weekly Operating Hours,Office - Weekly Operating Hours,Office - Weekly Operating Hours
"Office - Worker Density (Number per 1,000 sq ft)","Office - Worker Density (Number per 1,000 sq ft)","Office - Worker Density (Number per 1,000 sq ft)","Office - Worker Density (Number per 1,000 sq ft)","Office - Worker Density (Number per 1,000 ft²)","Office - Worker Density (Number per 1,000 ft²)","Office - Worker Density (Number per 1,000 ft²)","Office - Worker Density (Number per 1,000 ft²)","Office - Worker Density (Number per 1,000 ft²)","Office - Worker Density (Number per 1,000 ft²)","Office - Worker Density (Number per 1,000 ft²)"
Other - Gross Floor Area (ft²),Other - Gross Floor Area (ft²),Other - Gross Floor Area (ft²),Other - Gross Floor Area (ft²),Other - Gross Floor Area (ft²),Other - Gross Floor Area (ft²),Other - Gross Floor Area (ft²),Other - Gross Floor Area (ft²),Other - Gross Floor Area (ft²),Other - Gross Floor Area (ft²),Other - Gross Floor Area (ft²)
Museum - Gross Floor Area (ft²),Museum - Gross Floor Area (ft²),Museum - Gross Floor Area (ft²),Museum - Gross Floor Area (ft²),Museum - Gross Floor Area (ft²),Museum - Gross Floor Area (ft²),Museum - Gross Floor Area (ft²),Museum - Gross Floor Area (ft²),Museum - Gross Floor Area (ft²),Museum - Gross Floor Area (ft²),Museum - Gross Floor Area (ft²)
Performing Arts - Gross Floor Area (ft²),Performing Arts - Gross Floor Area (ft²),Performing Arts - Gross Floor Area (ft²),Performing Arts - Gross Floor Area (ft²),Performing Arts - Gross Floor Area (ft²),Performing Arts - Gross Floor Area (ft²),Performing Arts - Gross Floor Area (ft²),Performing Arts - Gross Floor Area (ft²),Performing Arts - Gross Floor Area (ft²),Performing Arts - Gross Floor Area (ft²),Performing Arts - Gross Floor Area (ft²)
Parking - Gross Floor Area (ft²),Parking - Gross Floor Area (ft²),Parking - Gross Floor Area (ft²),Parking - Gross Floor Area (ft²),Parking - Gross Floor Area (ft²),Parking - Gross Floor Area (ft²),Parking - Gross Floor Area (ft²),Parking - Gross Floor Area (ft²),Parking - Gross Floor Area (ft²),Parking - Gross Floor Area (ft²),Parking - Gross Floor Area (ft²)
Parking - Completely Enclosed Parking Garage Size (ft²),Parking - Open Parking Lot Size (ft²),Parking - Open Parking Lot Size (ft²),Parking - Open Parking Lot Size (ft²),Parking - Open Parking Lot Size (ft²),Parking - Open Parking Lot Size (ft²),Parking - Open Parking Lot Size (ft²),Parking - Open Parking Lot Size (ft²),Parking - Open Parking Lot Size (ft²),Parking - Open Parking Lot Size (ft²),Parking - Open Parking Lot Size (ft²)
Refrigerated Warehouse - Gross Floor Area (ft²),Refrigerated Warehouse - Gross Floor Area (ft²),Refrigerated Warehouse - Gross Floor Area (ft²),Refrigerated Warehouse - Gross Floor Area (ft²),Refrigerated Warehouse - Gross Floor Area (ft²),Refrigerated Warehouse - Gross Floor Area (ft²),Refrigerated Warehouse - Gross Floor Area (ft²),Refrigerated Warehouse - Gross Floor Area (ft²),Refrigerated Warehouse - Gross Floor Area (ft²),Refrigerated Warehouse - Gross Floor Area (ft²),Refrigerated Warehouse - Gross Floor Area (ft²)
Restaurant - Gross Floor Area (ft²),Restaurant - Gross Floor Area (ft²),Restaurant - Gross Floor Area (ft²),Restaurant - Gross Floor Area (ft²),Restaurant - Gross Floor Area (ft²),Restaurant - Gross Floor Area (ft²),Restaurant - Gross Floor Area (ft²),Restaurant - Gross Floor Area (ft²),Restaurant - Gross Floor Area (ft²),Restaurant - Gross Floor Area (ft²),Restaurant - Gross Floor Area (ft²)
Restaurant - Weekly Operating Hours,Restaurant - Weekly Operating Hours,Restaurant - Weekly Operating Hours,Restaurant - Weekly Operating Hours,Restaurant - Weekly Operating Hours,Restaurant - Weekly Operating Hours,Restaurant - Weekly Operating Hours,Restaurant - Weekly Operating Hours,Restaurant - Weekly Operating Hours,Restaurant - Weekly Operating Hours,Restaurant - Weekly Operating Hours
"Restaurant - Worker Density (Number per 1,000 sq ft)","Restaurant - Worker Density (Number per 1,000 sq ft)","Restaurant - Worker Density (Number per 1,000 sq ft)","Restaurant - Worker Density (Number per 1,000 sq ft)","Restaurant - Worker Density (Number per 1,000 ft²)","Restaurant - Worker Density (Number per 1,000 ft²)","Restaurant - Worker Density (Number per 1,000 ft²)","Restaurant - Worker Density (Number per 1,000 ft²)","Restaurant - Worker Density (Number per 1,000 ft²)","Restaurant - Worker Density (Number per 1,000 ft²)","Restaurant - Worker Density (Number per 1,000 ft²)"
Retail Store - Gross Floor Area (ft²),Retail Store - Gross Floor Area (ft²),Retail Store - Gross Floor Area (ft²),Retail Store - Gross Floor Area (ft²),Retail Store - Gross Floor Area (ft²),Retail Store - Gross Floor Area (ft²),Retail Store - Gross Floor Area (ft²),Retail Store - Gross Floor Area (ft²),Retail Store - Gross Floor Area (ft²),Retail Store - Gross Floor Area (ft²),Retail Store - Gross Floor Area (ft²)
Retail Store - Number of Walk-in Refrigeration/Freezer Units,Retail Store - Number of Walk-in Refrigeration/Freezer Units,Retail Store - Number of Walk-in Refrigeration/Freezer Units,Retail Store - Number of Walk-in Refrigeration/Freezer Units,Retail Store - Number of Walk-in Refrigeration/Freezer Units,Retail Store - Number of Walk-in Refrigeration/Freezer Units,Retail Store - Number of Walk-in Refrigeration/Freezer Units,Retail Store - Number of Walk-in Refrigeration/Freezer Units,Retail Store - Number of Walk-in Refrigeration/Freezer Units,Retail Store - Number of Walk-in Refrigeration/Freezer Units,Retail Store - Number of Walk-in Refrigeration/Freezer Units
Retail Store - Number of Open or Closed Refrigeration/Freezer Units,Retail Store - Number of Open or Closed Refrigeration/Freezer Units,Retail Store - Number of Open or Closed Refrigeration/Freezer Units,Retail Store - Number of Open or Closed Refrigeration/Freezer Units,Retail Store - Number of Open or Closed Refrigeration/Freezer Units,Retail Store - Number of Open or Closed Refrigeration/Freezer Units,Retail Store - Number of Open or Closed Refrigeration/Freezer Units,Retail Store - Number of Open or Closed Refrigeration/Freezer Units,Retail Store - Number of Open or Closed Refrigeration/Freezer Units,Retail Store - Number of Open or Closed Refrigeration/Freezer Units,Retail Store - Number of Open or Closed Refrigeration/Freezer Units
Self-Storage Facility - Gross Floor Area (ft²),Self-Storage Facility - Gross Floor Area (ft²),Self-Storage Facility - Gross Floor Area (ft²),Self-Storage Facility - Gross Floor Area (ft²),Self-Storage Facility - Gross Floor Area (ft²),Self-Storage Facility - Gross Floor Area (ft²),Self-Storage Facility - Gross Floor Area (ft²),Self-Storage Facility - Gross Floor Area (ft²),Self-Storage Facility - Gross Floor Area (ft²),Self-Storage Facility - Gross Floor Area (ft²),Self-Storage Facility - Gross Floor Area (ft²)
Senior Living Community - Gross Floor Area (ft²),Senior Living Community - Gross Floor Area (ft²),Senior Living Community - Gross Floor Area (ft²),Senior Care Community - Gross Floor Area (ft²),Senior Care Community - Gross Floor Area (ft²),Senior Care Community - Gross Floor Area (ft²),Senior Care Community - Gross Floor Area (ft²),Senior Care Community - Gross Floor Area (ft²),Senior Care Community - Gross Floor Area (ft²),Senior Care Community - Gross Floor Area (ft²),Senior Care Community - Gross Floor Area (ft²)
"Senior Living Community - Living Unit Density (Number per 1,000 sq ft)","Senior Living Community - Living Unit Density (Number per 1,000 sq ft)","Senior Living Community - Living Unit Density (Number per 1,000 sq ft)","Senior Care Community - Living Unit Density (Number per 1,000 sq ft)","Senior Care Community - Living Unit Density (Number per 1,000 ft²)","Senior Care Community - Living Unit Density (Number per 1,000 ft²)","Senior Care Community - Living Unit Density (Number per 1,000 ft²)","Senior Care Community - Living Unit Density (Number per 1,000 ft²)","Senior Care Community - Living Unit Density (Number per 1,000 ft²)","Senior Care Community - Living Unit Density (Number per 1,000 ft²)","Senior Care Community - Living Unit Density (Number per 1,000 ft²)"
Social/Meeting Hall - Gross Floor Area (ft²),Social/Meeting Hall - Gross Floor Area (ft²),Social/Meeting Hall - Gross Floor Area (ft²),Social/Meeting Hall - Gross Floor Area (ft²),Social/Meeting Hall - Gross Floor Area (ft²),Social/Meeting Hall - Gross Floor Area (ft²),Social/Meeting Hall - Gross Floor Area (ft²),Social/Meeting Hall - Gross Floor Area (ft²),Social/Meeting Hall - Gross Floor Area (ft²),Social/Meeting Hall - Gross Floor Area (ft²),Social/Meeting Hall - Gross Floor Area (ft²)
Supermarket/Grocery - Gross Floor Area (ft²),Supermarket/Grocery - Gross Floor Area (ft²),Supermarket/Grocery - Gross Floor Area (ft²),Supermarket/Grocery - Gross Floor Area (ft²),Supermarket/Grocery - Gross Floor Area (ft²),Supermarket/Grocery - Gross Floor Area (ft²),Supermarket/Grocery - Gross Floor Area (ft²),Supermarket/Grocery - Gross Floor Area (ft²),Supermarket/Grocery - Gross Floor Area (ft²),Supermarket/Grocery - Gross Floor Area (ft²),Supermarket/Grocery - Gross Floor Area (ft²)
Wholesale Club/Supercenter- Gross Floor Area (ft²),Wholesale Club/Supercenter- Gross Floor Area (ft²),Wholesale Club/Supercenter- Gross Floor Area (ft²),Wholesale Club/Supercenter- Gross Floor Area (ft²),Wholesale Club/Supercenter- Gross Floor Area (ft²),Wholesale Club/Supercenter- Gross Floor Area (ft²),Wholesale Club/Supercenter- Gross Floor Area (ft²),Wholesale Club/Supercenter- Gross Floor Area (ft²),Wholesale Club/Supercenter- Gross Floor Area (ft²),Wholesale Club/Supercenter- Gross Floor Area (ft²),Wholesale Club/Supercenter- Gross Floor Area (ft²)
Worship Facility - Gross Floor Area (ft²),Worship Facility - Gross Floor Area (ft²),Worship Facility - Gross Floor Area (ft²),Worship Facility - Gross Floor Area (ft²),Worship Facility - Gross Floor Area (ft²),Worship Facility - Gross Floor Area (ft²),Worship Facility - Gross Floor Area (ft²),Worship Facility - Gross Floor Area (ft²),Worship Facility - Gross Floor Area (ft²),Worship Facility - Gross Floor Area (ft²),Worship Facility - Gross Floor Area (ft²)
Property GFA - Self-Reported (ft²),Property GFA - Self-Reported (ft²),Property GFA - Self-Reported (ft²),Property GFA - Self-Reported (ft²),Property GFA - Self-Reported (ft²),Property GFA - Self-Reported (ft²),Property GFA - Self-Reported (ft²),Property GFA - Self-Reported (ft²),Property GFA - Self-Reported (ft²),Property GFA - Self-Reported (ft²),Property Floor Area (Buildings and Parking) (ft²)
Property GFA - Calculated (Buildings and Parking) (ft²),Property GFA - Calculated (Buildings and Parking) (ft²),Property GFA - Calculated (Buildings and Parking) (ft²),Property GFA - Calculated (Buildings and Parking) (ft²),Property GFA - Calculated (Buildings and Parking) (ft²),Property GFA - Calculated (Buildings and Parking) (ft²),Property GFA - Calculated (Buildings and Parking) (ft²),Property GFA - EPA Calculated (Buildings and Parking) (ft²),Property Floor Area (Building(s)) (ft²),Property Floor Area (Building(s)) (ft²),Property Floor Area (Building(s)) (ft²)
Property GFA - Calculated (Buildings) (ft²),Property GFA - Calculated (Buildings) (ft²),Property GFA - Calculated (Buildings) (ft²),Property GFA - Calculated (Buildings) (ft²),Property GFA - Calculated (Buildings) (ft²),Property GFA - Calculated (Buildings) (ft²),Property GFA - Calculated (Buildings) (ft²),Property GFA - EPA Calculated (Buildings) (ft²),Property GFA - EPA Calculated (Buildings) (ft²),Property GFA - EPA Calculated (Buildings) (ft²),Property GFA - EPA Calculated (Buildings) (ft²)
Property GFA - Calculated (Parking) (ft²),Property GFA - Calculated (Parking) (ft²),Property GFA - Calculated (Parking) (ft²),Property GFA - Calculated (Parking) (ft²),Property GFA - Calculated (Parking) (ft²),Property GFA - Calculated (Parking) (ft²),Property GFA - Calculated (Parking) (ft²),Property GFA - EPA Calculated (Parking) (ft²),Property GFA - EPA Calculated (Parking) (ft²),Property GFA - EPA Calculated (Parking) (ft²),Property GFA - EPA Calculated (Parking) (ft²)
Water Use (All Water Sources) (kgal),Water Use (All Water Sources) (kgal),Water Use (All Water Sources) (kgal),Water Use (All Water Sources) (kgal),Water Use (All Water Sources) (kgal),Water Use (All Water Sources) (kgal),Water Use (All Water Sources) (kgal),Water Use (All Water Sources) (kgal),Water Use (All Water Sources) (kgal),Water Use (All Water Sources) (kgal),Water Use (All Water Sources) (kgal)
Indoor Water Use (All Water Sources) (kgal),Indoor Water Use (All Water Sources) (kgal),Indoor Water Use (All Water Sources) (kgal),Indoor Water Use (All Water Sources) (kgal),Indoor Water Use (All Water Sources) (kgal),Indoor Water Use (All Water Sources) (kgal),Indoor Water Use (All Water Sources) (kgal),Indoor Water Use (All Water Sources) (kgal),Indoor Water Use (All Water Sources) (kgal),Indoor Water Use (All Water Sources) (kgal),Indoor Water Use (All Water Sources) (kgal)
Outdoor Water Use (All Water Sources) (kgal),Outdoor Water Use (All Water Sources) (kgal),Outdoor Water Use (All Water Sources) (kgal),Outdoor Water Use (All Water Sources) (kgal),Outdoor Water Use (All Water Sources) (kgal),Outdoor Water Use (All Water Sources) (kgal),Outdoor Water Use (All Water Sources) (kgal),Outdoor Water Use (All Water Sources) (kgal),Outdoor Water Use (All Water Sources) (kgal),Outdoor Water Use (All Water Sources) (kgal),Outdoor Water Use (All Water Sources) (kgal)
Municipally Supplied Potable Water - Mixed Indoor/Outdoor Use (kgal),Municipally Supplied Potable Water - Mixed Indoor/Outdoor Use (kgal),Municipally Supplied Potable Water - Mixed Indoor/Outdoor Use (kgal),Municipally Supplied Potable Water - Mixed Indoor/Outdoor Use (kgal),Municipally Supplied Potable Water - Mixed Indoor/Outdoor Use (kgal),Municipally Supplied Potable Water - Mixed Indoor/Outdoor Use (kgal),Municipally Supplied Potable Water - Mixed Indoor/Outdoor Use (kgal),Municipally Supplied Potable Water - Mixed Indoor/Outdoor Use (kgal),Municipally Supplied Potable Water - Mixed Indoor/Outdoor Use (kgal),Municipally Supplied Potable Water - Mixed Indoor/Outdoor Use (kgal),
Municipally Supplied Potable Water - Indoor Use (kgal),Municipally Supplied Potable Water - Indoor Use (kgal),Municipally Supplied Potable Water - Indoor Use (kgal),Municipally Supplied Potable Water - Indoor Use (kgal),Municipally Supplied Potable Water - Indoor Use (kgal),Municipally Supplied Potable Water - Indoor Use (kgal),Municipally Supplied Potable Water - Indoor Use (kgal),Municipally Supplied Potable Water - Indoor Use (kgal),Municipally Supplied Potable Water - Indoor Use (kgal),Municipally Supplied Potable Water - Indoor Use (kgal),Municipally Supplied Potable Water - Indoor Use (kgal)
Municipally Supplied Potable Water - Outdoor Use (kgal),Municipally Supplied Potable Water - Outdoor Use (kgal),Municipally Supplied Potable Water - Outdoor Use (kgal),Municipally Supplied Potable Water - Outdoor Use (kgal),Municipally Supplied Potable Water - Outdoor Use (kgal),Municipally Supplied Potable Water - Outdoor Use (kgal),Municipally Supplied Potable Water - Outdoor Use (kgal),Municipally Supplied Potable Water - Outdoor Use (kgal),Municipally Supplied Potable Water - Outdoor Use (kgal),Municipally Supplied Potable Water - Outdoor Use (kgal),Municipally Supplied Potable Water - Outdoor Use (kgal)
Third Party Certification,Third Party Certification,Third Party Certification,Third Party Certification,Third Party Certification,Third Party Certification,Third Party Certification,Third Party Certification,Third Party Certification,Third Party Certification,Third Party Certification
Third Party Certification Date Anticipated,Third Party Certification Date Anticipated,Third Party Certification Date Anticipated,Third Party Certification Date Anticipated,Third Party Certification Date Anticipated,Third Party Certification Date Anticipated,Third Party Certification Date Anticipated,Third Party Certification Date Anticipated,Third Party Certification Date Anticipated,Third Party Certification Date Anticipated,Third Party Certification Date Anticipated
Third Party Certification Date Achieved,Third Party Certification Date Achieved,Third Party Certification Date Achieved,Third Party Certification Date Achieved,Third Party Certification Date Achieved,Third Party Certification Date Achieved,Third Party Certification Date Achieved,Third Party Certification Date Achieved,Third Party Certification Date Achieved,Third Party Certification Date Achieved,Third Party Certification Date Achieved
Last Modified Date - Property,Last Modified Date - Property,Last Modified Date - Property,Last Modified Date - Property,Last Modified Date - Property,Last Modified Date - Property,Date Property Last Modified,Date Property Last Modified,Date Property Last Modified,Date Property Last Modified,Date Property Last Modified
Report Generation Date,Generation Date,Generation Date,Generation Date,Generation Date,Generation Date,Generation Date,Generation Date,Generation Date,Generation Date,Generation Date
Report Submission Date,Submission Date,Release Date,Release Date,Release Date,Release Date,Release Date,Release Date,Release Date,Release Date,Release Date
Borough,Borough,Borough,Borough,Borough,Borough,Borough,Borough,Borough,Borough,Borough
Latitude,Latitude,Latitude,Latitude,Latitude,Latitude,Latitude,Latitude,Latitude,Latitude,Latitude
Longitude,Longitude,Longitude,Longitude,Longitude,Longitude,Longitude,Longitude,Longitude,Longitude,Longitude
Community Board,Community Board,Community Board,Community Board,Community Board,Community Board,Community Board,Community Board,Community Board,Community Board,Community Board
Council District,Council District,Council District,Council District,Council District,Council District,Council District,Council District,Council District,Council District,Council District
Census Tract (2020),Census Tract,Census Tract,Census Tract,Census Tract,Census Tract,Census Tract,Census Tract,Census Tract,Census Tract,Census Tract
Neighborhood Tabulation Area (NTA) (2020),NTA,NTA,NTA,NTA,NTA,NTA,NTA,NTA,NTA,NTA
